# DB 스터디 정리 19. 4. 1.

* 참고서
	- [SQL 첫걸음] 한빛미디어, 아사이 아츠시 지음, 박준용 옮김
	- [Real MySQL] 위키북스, 이성욱 지음
* 예제 데이터
    - https://github.com/datacharmer/test_db
***
## 4강 Hello World 실행하기 (SELECT 쿼리)

SELECT는 여러 개의 테이블로부터 데이터를 조합해서 가져와야 하므로 '어떻게' 읽을 것인가에 대해 주의 필요  
`SELECT` 기본 명령 구문 예
```
SELECT col1, col2, ...
FROM 테이블명
WEHERE 조건;
```  

**! 예약어는 대소문자 구분 X**  
데이터베이스 객체명은...?  
```
select * from employees;
Select * From Employees;
SELECT * FROM EMPLOYEES;
```
![select_ex](./img/190401/2.jpg)  
구분함!
***
### MySQL에서의 대소문자 처리
- 테이블이나 컬럼명에 대해서는 기본적으로 대소문자 구분
- `VARCHAR, TEXT`타입에 대해서는 대소문자 구분 X
- 만약 테이블명에 대소문자 구분을 원하지 않을 경우 `my.cnf`설정 파일에 다음 문구를 추가, 재시작
```
[mysqld]
lower_case_table_names=1
```
- `VARCHAR, TEXT`데이터 조회 시 대소문자 구분은 하지 않는다  
```
SELECT DISTINCT first_name
FROM employees
WHERE first_name = 'Georgi';

SELECT DISTINCT first_name
FROM employees
WHERE first_name = 'GEORGI';
```
![select_ex](./img/190401/4.jpg)
- `VARCHAR, TEXT`조회 시 대소문자를 구분한 결과를 얻으려면 `BINARY`함수 이용
```
SELECT DISTINCT first_name
FROM employees
WHERE first_name = BINARY('GEORGI');
```
- 혹은 `VARBINARY`타입을 이용
```
CREATE TABLE ALPHACASE (
  item VARBINARY(30)
);

INSERT INTO ALPHACASE VALUE ('Test');
SELECT * FROM ALPHACASE WHERE item = 'TEST';
```
![select_ex](./img/190401/8.jpg)  
```
SELECT * FROM ALPHACASE WHERE item = 'Test';
```
![select_ex](./img/190401/9.jpg)  
(`SELECT`결과가 바이너리값으로 나올 시 `CONVERT(컬럼명 USING utf8)`함수 이용)

***
### 추가 : 복잡한 SELECT 문 실행 순서  
아래 쿼리는 `SELECT`쿼리에 지정할 수 있는 대부분의 절을 포함함

```
SELECT s.emp_no, COUNT(DISTINCT e.first_name) AS cnt
FROM salaries s
    INNER JOIN employees e ON e.emp_no = s.emp_no
WHERE s.emp_no IN (100001, 100002)
GROUP BY s.emp_no
HAVING AVG(s.salary) > 1000
ORDER BY AVG(s.salary)
LIMIT 10;
```
**! 어느 절이 먼저 실행되는지 모르면 처리 결과를 예측할 수 없음**  

위의 쿼리의 실행 순서  
1. `WHERE` 적용 및 조인 실행
	* 드라이빙 테이블
	* 드리븐 테이블 1
	* 드리븐 테이블 2
2. `GROUP BY` 적용 (레코드 그룹핑)
3. `DISTICNT` 적용
4. `HAVING` 조건 필터링
5. `ORDER BY` 적용
6. `LIMIT` 적용

이 순서가 바뀌어 실행되는 경우는 거의 없음  
SQL에 `ORDER BY`, `GROUP BY`절이 있더라도 인덱스를 이용할 경우 단계 자체가 생략됨

예외인 경우 (`ORDER BY`가 조인보다 먼저 실행되는 경우)
1. 드라이빙 테이블  
2. `ORDER BY`정렬  
3. `WHERE` 적용 및 조인 실행  
    * 드리븐 테이블 1  
    * 드리븐 테이블 2  
4. `LIMIT`적용  

위의 두 순서를 벗어나는 쿼리가 필요하다면 서브쿼리를 이용하기  
(앞서 나온 쿼리에서 `LIMIT`을 먼저 적용하고 `ORDER BY`를 실행하고자 할 때)  
```
SELECT emp_no, first_name, max_salary
FROM (
    SELECT s.emp_no, COUNT(DISTINCT e.first_name) AS cnt
    FROM salaries s
        INNER JOIN employees e ON e.emp_no = s.emp_no
    WHERE s.emp_no IN (100001, 100002)
    GROUP BY s.emp_no
    HAVING AVG(s.salary) > 1000
    LIMIT 10
) temp_view
ORDER BY max_salary;
```  
***
### 테이블 구조 검사  
`DESC 테이블명;`으로 테이블의 구조가 어떻게 되어있는지 알아볼 수 있다

`DESC employees;`  
![select_ex](./img/190401/16.jpg)  
1. `Field`: 컬럼명  
2. `Type`: 자료형  
3. `Null`: NULL값 허용 여부  
4. `Key`: '키' 지정 여부 (`PRI`, `UNI`, `MUL`)  
5. `Default`: 기본값 (`INSERT`시 생략되면 이 값이 추가됨)  
6. `Extra`
    - `auto_increment` 여부 확인 가능  
    - `TIMESTAMP`, `DATETIME`자료형 컬럼이 `CURRENT_TIMESTAMP`를 갱신할 때 사용  
    - 생성된 컬럼의 `VIRTUAL GENERATED` 혹은 `VIRTUAL STORED`  
    - `DEFAULT_GENERATED` 

[참고]  
- MySQL에서 `DESCRIBE(DESC)`, `EXPLAIN` 명령은 동의어이다.  
- 테이블 구조를 파악할 때 `DESC TABLE_NAME == EXPLAIN TABLE_NAME == SHOW COLUMNS FROM TABLE_NAME`  
- 쿼리 실행 계획을 알아볼 때 `EXPLAIN SELECT_QUERY == DESC SELECT_QUERY`  
- `DESC/EXPLAIN`은 DML, DDL, DCL 어디에도 속하지 않기 때문에 SQL명령이 아니다.

***
### MySQL DATA TYPE
| 문자형 데이터 타입 | 정의 |
|:---|:---|
|`CHAR(n)`|고정 길이 데이터 타입(최대 255byte) - 지정된 길이보다 짦은 데이터 입력될 시 나머지 공간 공백으로 채워진다.|
|`VARCHAR(n)`|가변 길이 데이터 타입(최대 65535byte) - 지정된 길이보다 짦은 데이터 입력될 시 나머지 공간은 채우지 않는다.|
|`TINYTEXT(n)`|문자열 데이터 타입(최대 255byte)|
|`TEXT(n)`|문자열 데이터 타입(최대 65535byte)|
|`MEDIUMTEXT(n)`|문자열 데이터 타입(최대 16777215byte)|
|`LONGTEXT(n)`|문자열 데이터 타입(최대 4294967295byte)|

| 숫자형 데이터 타입 | 정의 |
|:---|:---|
|`TINYINT(n)`|정수형 데이터 타입(1byte) -128 ~ +127 또는 0 ~ 255수 표현 가능|
|`SMALLINT(n)`|정수형 데이터 타입(2byte) -32768 ~ 32767 또는 0 ~ 65536수 표현 가능|
|`MEDIUMINT(n)`|정수형 데이터 타입(3byte) -8388608 ~ +8388607 또는 0 ~ 16777215수 표현 가능|
|`INT(n)`|정수형 데이터 타입(4byte) -2147483648 ~ +2147483647 또는 0 ~ 4294967295수 표현 가능|
|`BIGINT(n)`|정수형 데이터 타입(8byte)|
|`FLOAT(길이,소수)`|부동 소수형 데이터 타입(4byte) - 고정 소수점을 사용 형태|
|`DECIMAL(길이,소수)`|고정 소수형 데이터 타입고정(길이+1byte) - 소수점을 사용 형태|
|`DOUBLE(길이,소수)`|부동 소수형 데이터 타입(8byte) - DOUBLE을 문자열로 저장|

| 날짜형 데이터 타입 | 정의 |
|:---|:---|
|`DATE`|날짜(년도, 월, 일) 형태의 기간 표현 데이터 타입(3byte)|
|`TIME`|시간(시, 분, 초) 형태의 기간 표현 데이터 타입(3byte)|
|`DATETIME`|날짜와 시간 형태의 기간 표현 데이터 타입(8byte)|
|`TIMESTAMP`|날짜와 시간 형태의 기간 표현 데이터 타입(4byte) - 시스템 변경 시 자동으로 그 날짜와 시간이 저장|
|`YEAR`|년도 표현 데이터 타입(1byte)|

| 이진 데이터 타입 | 정의 |
|:---|:---|
|`BINARY(n) & BYTE(n)`|CHAR의 형태의 이진 데이터 타입 (최대 255byte)|
|`VARBINARY(n)`|VARCHAR의 형태의 이진 데이터 타입 (최대 65535byte)|
|`TINYBLOB(n)`|이진 데이터 타입 (최대 255byte)|
|`BLOB(n)`|이진 데이터 타입 (최대 65535byte)|
|`MEDIUMBLOB(n)`|이진 데이터 타입 (최대 16777215byte)|
|`LONGBLOB(n)`|이진 데이터 타입 (최대 4294967295byte)|
***
### NULL 비교
`NULL`: 비교할 수 없는 값 (SQL 표준 정의)  
즉, 두 값이 NULL이라도 같은지 비교하는 것이 불가능  
**! MySQL에서는 NULL값도 하나의 값으로 인정하여 인덱스로 관리될 수 있음**  

`SELECT NULL = NULL;`  
![select_ex](./img/190401/13.jpg)  
`SELECT CASE WHEN NULL=NULL THEN 1 ELSE 0 END;`  
![select_ex](./img/190401/14.jpg)  
`SELECT CASE WHEN NULL IS NULL THEN 1 ELSE 0 END;`  
![select_ex](./img/190401/15.jpg)  

`SELECT * FROM TEST WHERE v3 = NULL;`  
![select_ex](./img/190401/11.jpg)  
`SELECT * FROM TEST WHERE v3 IS NULL;`  
![select_ex](./img/190401/12.jpg)  

`ISNULL()`함수로도 `NULL`컬럼을 검사할 수 있음  
```
1. SELECT * FROM TEST WHERE v3 IS NULL;
2. SELECT * FROM TEST WHERE ISNULL(v3);
3. SELECT * FROM TEST WHERE ISNULL(v3) = 1;
4. SELECT * FROM TEST WHERE ISNULL(v3) = true;
```
**! 네개의 쿼리 모두 같은 의미지만, `3, 4`번째 쿼리들은 인덱스나 테이블을 풀 스캔하는 형태로 처리됨**
***
### MySQL 문자열, 숫자와 연산자
**문자열**
- [SQL 표준] 문자열은 항상 홑따옴표(')를 사용해서 표시  
- MySQL에서는 쌍따옴표(")도 가능
```
SELECT * FROM employees WHERE first_name = 'Ramzi';
SELECT * FROM employees WHERE first_name = "Ramzi";
```
- [SQL 표준] 문자열 자체에 홑따옴표가 포함될 경우 홑따옴표 두개를 연속 사용함으로써 표기 가능
- MySQL은 홑따옴표, 쌍따옴표 혼용으로 쉽게 표기가능
```
SELECT * FROM departments WHERE dept_no = 'd''009';
SELECT * FROM departments WHERE dept_no = 'd"009';
SELECT * FROM departments WHERE dept_no = "d'009";
SELECT * FROM departments WHERE dept_no = "d""009";
```
- MySQL에서 사용하는 예약어와 충돌이 일어날 경우 역따옴표(`)를 이용해서 충돌 회피 가능
```
CREATE TABLE TAB_TEST (
  `table` VARCHAR(10),
  `column` VARCHAR(10)
);
```
![select_ex](./img/190401/21.jpg)  
```
INSERT INTO TAB_TEST(`table`, `column`) VALUE ('TAB', 'COL');
SELECT `table`, `column` FROM TAB_TEST;
```  
![select_ex](./img/190401/22.jpg)  

주의 : 이 경우와는 다름!  
`SELECT 'table', 'column' FROM TAB_TEST;`  
![select_ex](./img/190401/23.jpg)  


**숫자**
- 따옴표 없이 숫자 값을 입력
- MySQL은 문자열 형태(`'123'`)로 입력하더라도 비교 대상이 숫자값이거나, 숫자 타입의 칼럼이면 자동으로 변환  
```
SELECT * FROM employees WHERE emp_no = 10001;
SELECT * FROM employees WHERE emp_no = '10001';
```

**날짜**
- MySQL에서는 정해진 형태의 날짜 포맷으로 표기하면 알아서 `DATE, DATETIME`값으로 변환  
```
1. SELECT * FROM dept_emp WHERE from_date = '1996-08-03';
2. SELECT * FROM dept_emp WHERE from_date = STR_TO_DATE('1996-08-03', '%Y-%m-%d');
```
- 1,2번 쿼리는 같은 의미이며, 문자열을 `DATE`자료형으로 바꾸어 비교하기 때문에 인덱스 이용에도 문제가 없다.

**Boolean**
- `TINYINT` 자료형의 동의어
- 컬럼을 `BOOL, BOOLEAN`으로 생성할 시 `TINYINT(1)`로 생성  
```
CREATE TABLE TAB_BOOLEAN (bool_value BOOLEAN);
DESC TAB_BOOLEAN;
```
![select_ex](./img/190401/24.jpg)  

`INSERT INTO TAB_BOOLEAN VALUES (FALSE), (TRUE), (0), (1), (2), (3), (4), (-1);`  
![select_ex](./img/190401/25.jpg)  

`SELECT * FROM TAB_BOOLEAN WHERE bool_value IN (FALSE, TRUE);`  
![select_ex](./img/190401/26.jpg)  
- C/C++ 과 다르게 `2` 이상의 값들은 `TRUE`로 판단하지 않음

**연산자**
- 동등비교 `=, <=>`  
    ```
    SELECT * FROM employees WHERE emp_no = 10001;
    SELECT * FROM employees WHERE emp_no <=> 10001;
    ```

- `<=>`는 NULL-safe 연산자  
    `SELECT 1 = 1, NULL = NULL, 1 = NULL;`  
    ![select_ex](./img/190401/27.jpg)  
    `SELECT 1 <=> 1, NULL <=> NULL, 1 <=> NULL;`  
    ![select_ex](./img/190401/28.jpg)  

- 부정 `<> !=`  
    ```
    SELECT 0 != 1, NULL != NULL, 1 != NULL;
    SELECT 1 <> 1, NULL <> NULL, 1 <> NULL;
    ```  

- `NOT, !` 연산자  
`TRUE, FLASE`의 연산을 부정하는 연산자  
부정의 결과를 정확히 예측할 수 없는 경우 사용 자제(C/C++ 에서처럼 사용하는 것처럼)  
`SELECT !1, !0, !FALSE, !TRUE, NOT 1, NOT 0, NOT (1=1), NOT 99, NOT 'aa';`  
![select_ex](./img/190401/29.jpg)  

- `AND(&&), OR(||)` 연산자  
    ```
    SELECT * FROM employees WHERE emp_no = 10001 AND first_name = 'Ramzi';
    SELECT * FROM employees WHERE emp_no = 10001 && first_name = 'Ramzi';
    SELECT * FROM employees WHERE emp_no = 10001 OR first_name = 'Ramzi';
    SELECT * FROM employees WHERE emp_no = 10001 || first_name = 'Ramzi';
    ```
    > Oracle에서는 `||`연산자를 `string_concat`에 사용  
    > MySQL에서 `||`연산자를 같은 기능으로 사용하려면  
    ```
    SET sql_mode = 'PIPES_AS_CONCAT';
    SELECT 'abc' || 'def' AS concated_string;
    return > 'abcdef'
    ```

- 나누기(`/, DIV`), 나머지(`%, MOD`) 연산자  
    ```
    SELECT 29/9, 29 DIV 9, MOD(29,9), 29 MOD 9, 29 % 9;
    return > | 3.2222 | 3 | 2 | 2 | 2 |

    SELECT 29/0, 29 DIV 0, MOD(29,0), 29 MOD 0, 29 % 0;
    return > | null | null | null | null | null |
    ```

- `REGEXP, RLIKE` 연산자 (정규 표현식)  
    - 아래 쿼리는 `'abc'`문자열이 `'x'`,`'y'`,`'z'`문자로 시작하는지 검증하는 표현식
    - `SELECT 'abc' REGEXP '^[x-z]';`  
    - `REGEXP`연산자의 정규표현식은 POSIX 표준으로 구현되어 있음  
    - `REGEXP`연산자를 문자열 컬럼에 사용할 때 정규표현식 비교는 인덱스 레인지 스캔을 사용할 수 없다. 따라서 `WHERE`절에 `REGEXP`조건을 단독으로 사용하는 것은 성능 상 좋지 않다. 가능하다면 범위를 줄일 수 있는 다른 조건과 함께 사용하자.  
    - **! 주의 :** `REGEXP, RLIKE`연산자의 경우 바이트 단위의 비교를 수행하므로 바이트 문자나 악센트가 포함된 문자에 대한 패턴 검사는 정확하지 않을 수도 있다. 알파벳, 숫자 이외의 문자셋이 저장되는 컬럼에는 충분한 테스트 필요  

- `LIKE`패턴 매칭  
    - `COL_NAME LIKE '패턴'`  
    - `REGEXP`연산자와 다르게 인덱스를 사용할 수 있다.  
    - 정규표현식을 검사하는 것이 아닌, 어떤 상수 문자열이 있는지 없는지 검사  
    - `LIKE`연산자에 사용할 수 있는 와일드 카드 `%`, `_`  
    - `%` : 0 또는 1개 이상의 모든 문자에 일치  
    - `_` : 정확히 1개의 문자에 일치  
    - '%', '_' 문자 자체를 비교한다면 `ESCAPE`절을 추가하여 설정할 수 있다.
    ```
    SELECT 'a%' LIKE 'a%';
    return > | 1 |
    SELECT 'abc' LIKE 'a/%' ESCAPE '/';
    return > | 0 |
    SELECT 'a%' LIKE 'a/%' ESCAPE '/';
    return > | 1 |
    SELECT 'a%' LIKE 'a\%';
    return > | 1 |
    ```
    - **! 주의 :** `LIKE`연산자는 와일드카드 문자가 검색어의 뒤쪽에 있는 경우에만 인덱스 레인지 스캔 사용 가능  
    `EXPLAIN SELECT COUNT(*) FROM employees WHERE first_name LIKE 'Chirst%';`  
    ![select_ex](./img/190401/30.jpg)  
    `EXPLAIN SELECT COUNT(*) FROM employees WHERE first_name LIKE '%rstian';`  
    ![select_ex](./img/190401/31.jpg)  

- `BETWEEN` 연산자
    - '크거나 같다', '작거나 같다' 연산자를 합친 연산자
    - ! 인덱스 사용시 주의사항
      (`PRIMARY KEY (dept_no, emp_no)` 순서)
    ```
    1. EXPLAIN SELECT * FROM dept_emp WHERE dept_no = 'd003' AND emp_no = 10005;
    +----+-------------+----------+------------+-------+-----------------+---------+---------+-------------+------+----------+-------+
    | id | select_type | table    | partitions | type  | possible_keys   | key     | key_len | ref         | rows | filtered | Extra |
    +----+-------------+----------+------------+-------+-----------------+---------+---------+-------------+------+----------+-------+
    |  1 | SIMPLE      | dept_emp | NULL       | const | PRIMARY,dept_no | PRIMARY | 8       | const,const |    1 |   100.00 | NULL  |
    +----+-------------+----------+------------+-------+-----------------+---------+---------+-------------+------+----------+-------+

    2. EXPLAIN SELECT * FROM dept_emp WHERE dept_no BETWEEN 'd003' AND 'd005' AND emp_no = 10005;
    +----+-------------+----------+------------+-------+---------------+---------+---------+------+--------+----------+-------------+
    | id | select_type | table    | partitions | type  | possible_keys | key     | key_len | ref  | rows   | filtered | Extra       |
    +----+-------------+----------+------------+-------+---------------+---------+---------+------+--------+----------+-------------+
    |  1 | SIMPLE      | dept_emp | NULL       | range | PRIMARY       | PRIMARY | 8       | NULL | 165551 |    10.00 | Using where |
    +----+-------------+----------+------------+-------+---------------+---------+---------+------+--------+----------+-------------+
    ```  
    - 1번의 경우 `dept_no`와 `emp_no`조건 모두 인덱스를 이용해 범위를 줄여줄 수 있음  
    - 2번의 경우 `BETWEEN`이 사용된 경우 `d003` 부터 `d005`까지의 범위를 전부 선형적으로 검색해야만 함  
      (결국 `emp_no = 10005`의 조건은 비교 범위 줄이는 역할을 하지 못함)  
    - `BETWEEN`조건을 사용하는 쿼리는 해당 테이블 인덱스의 상당히 많은 레코드를 읽게 됨  
    ```
    EXPLAIN SELECT * FROM dept_emp WHERE dept_no IN ('d003','d004','d005') AND emp_no = 10005;
    +----+-------------+----------+------------+-------+---------------+---------+---------+------+------+----------+-------------+
    | id | select_type | table    | partitions | type  | possible_keys | key     | key_len | ref  | rows | filtered | Extra       |
    +----+-------------+----------+------------+-------+---------------+---------+---------+------+------+----------+-------------+
    |  1 | SIMPLE      | dept_emp | NULL       | range | PRIMARY       | PRIMARY | 8       | NULL |    3 |   100.00 | Using where |
    +----+-------------+----------+------------+-------+---------------+---------+---------+------+------+----------+-------------+
    ```
    - 위의 코드 처럼 변경할 시 `emp_no = 10005` 조건도 작업 범위를 줄이는데에 크게 기여할 수 있게 됨
    - 인덱스의 **두 번째 컬럼은 첫 번째 컬럼에 의존해서 정렬** 되어있기 때문
    - `BETWEEN`으로 인덱스를 사용할 때 보다 훨씬 적은 rows를 순회헀음을 알 수 있음

    - Cardinality(선택도)가 높은 컬럼을 인덱스 앞쪽에 배치하는 것이 좋다!
    ```
    SELECT MIN(dept_no), MAX(dept_no) FROM dept_emp;
    +--------------+--------------+
    | MIN(dept_no) | MAX(dept_no) |
    +--------------+--------------+
    | d001         | d009         |
    +--------------+--------------+

    SELECT MIN(emp_no), MAX(emp_no) FROM dept_emp;
    +-------------+-------------+
    | MIN(emp_no) | MAX(emp_no) |
    +-------------+-------------+
    |       10001 |      499999 |
    +-------------+-------------+
    ```  
    - `dept_no`와 `emp_no` 인덱스 순서를 바꿔보자 (선택도 높은 것 부터 인덱스 설정)
    ```
    EXPLAIN SELECT * FROM dept_emp WHERE dept_no BETWEEN 'd003' AND 'd005' AND emp_no = 10005;
    +----+-------------+----------+------------+-------+-----------------------------------------+---------+---------+------+------+----------+-------------+
    | id | select_type | table    | partitions | type  | possible_keys                           | key     | key_len | ref  | rows | filtered | Extra       |
    +----+-------------+----------+------------+-------+-----------------------------------------+---------+---------+------+------+----------+-------------+
    |  1 | SIMPLE      | dept_emp | NULL       | range | PRIMARY,dept_emp_departments_dept_no_fk | PRIMARY | 8       | NULL |    1 |   100.00 | Using where |
    +----+-------------+----------+------------+-------+-----------------------------------------+---------+---------+------+------+----------+-------------+
    ```  
    - `IN` 연산자에 사용할 상수가 별로 없는 경우에는 `BETWEEN`을 바꾸는게 쉬우나 상수들을 얻기위해 별도(외부)의 쿼리가 필요한 경우도 존재
    - 이런 경우에는 별도의 쿼리를 한 번 더 실행해서 IN으로 변경했을 때 그만큼 효율이 나오는지 체크해야함

    - `BETWEEN`과 `<=, >=`연산자의 차이는 하나의 비교조건인지 두개의 비교조건인지 말고 딱히 없음
    ```
    SELECT * FROM dept_emp WHERE emp_no BETWEEN 10001 AND 400000;
    > 221065 rows in set (0.78 sec)

    SELECT * FROM dept_emp WHERE emp_no >= 10001 AND emp_no <= 400000;
    > 221065 rows in set (0.73 sec)
    ```
    > 실제 옵티마이저 최적화의 경우에서도 BETWEEN을 비교 연산자로 바꾸지 않고 그대로 유지함

- `IN`연산자
    - 여러개의 값에 대해 동등(`=`)비교 연산을 수행하는 연산자
    - 여러개의 값이 비교되지만 범위(range)로 검색하는 것이 아닌 여러 번의 동등비교로 실행되므로 상대적으로 빠름
    `SELECT * FROM employees WHERE emp_no IN (10001, 10002, 10003);`  

    - `IN`연산자에 상수값을 입력으로 전달하는 경우 : 최적화 좋음
        - 상수값이 입력될 경우 쿼리의 입력 조건으로 사용하기 때문에 인덱스를 적절히 이용
    
    - **! 주의** : `IN`연산자로 `NULL`값을 비교할 수는 없다. 동등(`=`)비교 임을 숙지
    ```
    SELECT * FROM BASICTRAINING.TEST;
    +----+----+------+
    | v1 | v2 | v3   |
    +----+----+------+
    |  7 | A  | NULL |
    |  8 | A  | NULL |
    |  1 | A  | 1st  |
    | 10 | B  | 2nd  |
    |  3 | C  | 3rd  |
    |  4 | A  | 4th  |
    |  4 | D  | 5th  |
    |  3 | D  | 6th  |
    |  6 | A  | 7th  |
    +----+----+------+

     SELECT * FROM BASICTRAINING.TEST WHERE v3 IN ('1st', NULL);
    +----+----+------+
    | v1 | v2 | v3   |
    +----+----+------+
    |  1 | A  | 1st  |
    +----+----+------+
    ```

    - **! 주의** : `IN`연산자로 서브쿼리를 사용할 경우
        - 서브쿼리가 입력될 경우 `서브쿼리 -> 외부쿼리`순서가 아닌 `외부쿼리 with IN(서브쿼리)`순으로 서브쿼리가 체크조건으로 사용되서 매우 느려지는 경우 존재
        - 'Finance'부서에 소속된 사원들의 사원 번호를 조회하는 쿼리
        - MySQL에서는 `IN`연산자를 `EXISTS`연산으로 변환하여 사용
    ```
    1. DESC
    SELECT * FROM dept_emp de WHERE EXISTS (
        SELECT 1 FROM departments d WHERE  d.dept_name='Finance' AND d.dept_no = de.dept_no
    );
    +----+--------------------+-------+------------+-------+-------------------+-----------+---------+-------+--------+----------+-------------+
    | id | select_type        | table | partitions | type  | possible_keys     | key       | key_len | ref   | rows   | filtered | Extra       |
    +----+--------------------+-------+------------+-------+-------------------+-----------+---------+-------+--------+----------+-------------+
    |  1 | PRIMARY            | de    | NULL       | ALL   | NULL              | NULL      | NULL    | NULL  | 331570 |   100.00 | Using where |
    |  2 | DEPENDENT SUBQUERY | d     | NULL       | const | PRIMARY,dept_name | dept_name | 42      | const |      1 |   100.00 | Using index |
    +----+--------------------+-------+------------+-------+-------------------+-----------+---------+-------+--------+----------+-------------+
    ```
    - 1번의 경우 상관 서브쿼리가 인덱스를 타는 경우를 보여주기 위해 `EXISTS`문 사용  
    - 상관 서브쿼리이므로 외부 쿼리가 풀 테이블 스캔(type ALL)을 할 수 밖에 없음
    ```
    2. DESC
    SELECT * FROM dept_emp de WHERE de.dept_no IN (
        SELECT d.dept_no FROM departments d WHERE  d.dept_name='Finance'
    );
    +----+-------------+-------+------------+-------+---------------------------------+---------------------------------+---------+-------+-------+----------+-------------+
    | id | select_type | table | partitions | type  | possible_keys                   | key                             | key_len | ref   | rows  | filtered | Extra       |
    +----+-------------+-------+------------+-------+---------------------------------+---------------------------------+---------+-------+-------+----------+-------------+
    |  1 | SIMPLE      | d     | NULL       | const | PRIMARY,dept_name               | dept_name                       | 42      | const |     1 |   100.00 | Using index |
    |  1 | SIMPLE      | de    | NULL       | ref   | dept_emp_departments_dept_no_fk | dept_emp_departments_dept_no_fk | 4       | const | 30398 |   100.00 | NULL        |
    +----+-------------+-------+------------+-------+---------------------------------+---------------------------------+---------+-------+-------+----------+-------------+

    3. DESC
    SELECT * FROM dept_emp de WHERE de.dept_no IN (
        SELECT d.dept_no FROM departments d WHERE  d.dept_name='FInance' AND d.dept_no = de.dept_no
    );
    +----+-------------+-------+------------+-------+---------------------------------+---------------------------------+---------+-------+-------+----------+-------------+
    | id | select_type | table | partitions | type  | possible_keys                   | key                             | key_len | ref   | rows  | filtered | Extra       |
    +----+-------------+-------+------------+-------+---------------------------------+---------------------------------+---------+-------+-------+----------+-------------+
    |  1 | SIMPLE      | d     | NULL       | const | PRIMARY,dept_name               | dept_name                       | 42      | const |     1 |   100.00 | Using index |
    |  1 | SIMPLE      | de    | NULL       | ref   | dept_emp_departments_dept_no_fk | dept_emp_departments_dept_no_fk | 4       | const | 30398 |   100.00 | NULL        |
    +----+-------------+-------+------------+-------+---------------------------------+---------------------------------+---------+-------+-------+----------+-------------+
    ```
    - 현 버전의 MySQL은 `IN`연산자 내부 서브 쿼리의 최적화를 이전 버전보다 잘 지원하므로 1의 경우와 달리 `DEPENDENT SUBQUERY`가 사라진 것을 확인 가능

- `NOT IN`연산자
    - `IN`연산자와 다르게 비교 대상을 포함하지 않는 레코드 반환
    - 마찬가지로 `NOT IN`연산자 비교 대상으로 상관 서브 쿼리를 사용할 경우 성능 저하를 우려해야함
    - `NOT IN`연산은 MySQL에서 `NOT EXISTS`연산으로 변환하여 사용
    ```
    1. DESC
    SELECT * FROM dept_emp de WHERE NOT EXISTS (
        SELECT 1 FROM departments d WHERE  d.dept_name='Finance' AND d.dept_no = de.dept_no
    );
    +----+--------------------+-------+------------+-------+-------------------+-----------+---------+-------+--------+----------+-------------+
    | id | select_type        | table | partitions | type  | possible_keys     | key       | key_len | ref   | rows   | filtered | Extra       |
    +----+--------------------+-------+------------+-------+-------------------+-----------+---------+-------+--------+----------+-------------+
    |  1 | PRIMARY            | de    | NULL       | ALL   | NULL              | NULL      | NULL    | NULL  | 331570 |   100.00 | Using where |
    |  2 | DEPENDENT SUBQUERY | d     | NULL       | const | PRIMARY,dept_name | dept_name | 42      | const |      1 |   100.00 | Using index |
    +----+--------------------+-------+------------+-------+-------------------+-----------+---------+-------+--------+----------+-------------+

    2. DESC
    SELECT * FROM dept_emp de WHERE de.dept_no IN (
        SELECT d.dept_no FROM departments d WHERE  d.dept_name='FInance' AND d.dept_no = de.dept_no
    );
    +----+-------------+-------+------------+-------+---------------------------------+---------------------------------+---------+-------+-------+----------+-------------+
    | id | select_type | table | partitions | type  | possible_keys                   | key                             | key_len | ref   | rows  | filtered | Extra       |
    +----+-------------+-------+------------+-------+---------------------------------+---------------------------------+---------+-------+-------+----------+-------------+
    |  1 | SIMPLE      | d     | NULL       | const | PRIMARY,dept_name               | dept_name                       | 42      | const |     1 |   100.00 | Using index |
    |  1 | SIMPLE      | de    | NULL       | ref   | dept_emp_departments_dept_no_fk | dept_emp_departments_dept_no_fk | 4       | const | 30398 |   100.00 | NULL        |
    +----+-------------+-------+------------+-------+---------------------------------+---------------------------------+---------+-------+-------+----------+-------------+
    ```
    - 최적화가 잘되어있음 (뿌듯)  
    - 만약 `de.dept_no`가 `NULL`을 허용한다면 `NOT IN (subquery)`형태를 `NOT EXISTS`형태로 바꿀 수 없게된다.  
        - 이때는 쿼리 실행 계획의 `Extra`부분에 `Full scan on NULL key`문구가 표시된다.  
        - 이런 경우 두 가지 중 어떤 경우인지 비교하는 작업을 추가로 하게 된다.  
            1. 서브쿼리가 결과 레코드를 한 건이라도 가진다면  
            `NULL IN (레코드를 가지는 결과)` => `NULL`  
            2. 서브 쿼리가 결과 레코드를 한 건도 가지지 않는다면  
            `NULL IN (빈 결과)` => `FALSE`  
        - 즉, `NOT IN`의 기준이 되는 컬럼의 `NULL`허용 여부에 따라서 `NOT EXISTS`최적화 여부가 결정된다.
        - `NOT EXISTS`최적화를 사용하지 못하고 서브쿼리의 결과가 한 건이라도 있는지 확인하는 중에는 인덱스를 사용할 수 없다.
        - 서브쿼리의 결과를 판단할 때 서브쿼리 자체에 특정한 조건이 없는 경우는 레코드 한 건을 가져오기가 쉬우나
          조건이 걸려있고 그에 맞는 레코드를 찾기 힘들수록 성능은 떨어지게 된다.
    - 해결책? - 컬럼 타입 `NOT NULL` 설정, 쿼리에 `NULL`이 없다는 것을 옵티마이저에게 알려주기
    ```
    SELECT * FROM dept_emp de
    WHERE de.dept_no IS NOT NULL
    AND de.dept_no NOT IN (SELECT d.dept_no FROM departsments d WHERE d.dept_name = 'Finance');
    ```

- 인덱스 주의사항
    - `BETWEEN`, `LIKE`, `<`, `>` 등 범위 조건은 인덱스를 타지만, 그 뒤 설정된 인덱스는 적용되지 않음
    - `=`, `IN`은 그 뒤 인덱스도 적용됨
    - `AND`연산자는 조건들이 읽어와야 할 row수를 줄이지만 `OR`연산은 비교해야할 row수를 늘리기 때문에 풀 테이블 스캔 확률 상승
    - 인덱스로 사용된 컬럼값 그대로 사용해야 인덱스 사용 가능
    `where salary * 10 > 150000;`는 인덱스를 못타지만, `where salary > 150000 / 10;`는 인덱스를 사용 가능.

**! 문자열 컬럼, 숫자 컬럼을 비교할 때는 가능한 해당 자료형에 맞추어 상수를 사용하기**  

일반적인 경우  
`1. SELECT * FROM employees WHERE emp_no = 10001;`  
`2. SELECT * FROM employees WHERE first_name = 'Ramzi';`  

자료형이 다를 경우  
`3. SELECT * FROM employees WHERE emp_no = '10001';`  
![select_ex](./img/190401/17.jpg)  
`4. SELECT * FROM employees WHERE first_name = 10001;`  
![select_ex](./img/190401/18.jpg)  

- 1,2번 쿼리는 컬럼 타입과 비교하는 상수 값이 동일하므로 인덱스도 적절히 활용 가능  
- 3번 쿼리에서 `emp_no`컬럼은 숫자타입이므로 문자열 상수값을 숫자로 변환해서 비교를 수행하므로 성능 저하는 없음  
- 4번 쿼리에서 `first_name`이 문자열 컬럼이지만, 비교되는 상수값이 숫자이므로 **MySQL 옵티마이저**는 문자와 숫자중 우선순위가 높은 숫자를 기준으로 비교를 수행하려고 실행 계획을 세운다. 그래서 `first_name`컬럼의 문자열을 숫자로 변환해서 비교를 수행한다. 하지만 `first_name`컬럼의 타입 변환 때문에 인덱스를 사용하지 못한다. 심지어 문자열 값에 알파벳 등이 존재할 경우 쿼리 자체가 실패하기도 한다.
```
CREATE INDEX ix_firstname ON employees(first_name);
EXPLAIN SELECT * FROM employees WHERE first_name = 'Ramzi';
```
![select_ex](./img/190401/19.jpg)   
`EXPLAIN SELECT * FROM employees WHERE first_name = 10001;`  
![select_ex](./img/190401/20.jpg)   
***
