# DB 스터디 정리 19. 4. 4.

* 참고서
	- [SQL 첫걸음] 한빛미디어, 아사이 아츠시 지음, 박준용 옮김
	- [Real MySQL] 위키북스, 이성욱 지음
* 예제 데이터
  - https://github.com/datacharmer/test_db
***
# 20강 COUNT()
## 집계함수
- 복수의 값에서 하나의 결과를 도출
- `SUM`, `AVG`, `MIN`, `MAX` ...

## `COUNT()`
- 레코드의 건수를 반환하는 함수
- 컬럼이나 표현식을 인자로 받으며 `ASTERISK(*)`문자를 받기도 한다.  
  (여기서 `*`는 모든 컬럼을 의미하는 것이 아닌 레코드 자체를 의미, `COUNT(PK)`, `COUNT(1)`와 같은 속도로 처리 됨)
```
CREATE TABLE TEST_COUNT (
  d1 INT NULL,
  d2 INT NULL,
  INDEX(d1)
);

INSERT INTO TEST_COUNT VALUES (NULL, NULL),(NULL, NULL),(NULL, NULL);

SELECT COUNT(*) FROM BASICTRAINING.TEST_COUNT;
+----------+
| COUNT(*) |
+----------+
|        3 |
+----------+
DESC SELECT COUNT(*) FROM BASICTRAINING.TEST_COUNT;
+----+-------------+------------+------------+-------+---------------+------+---------+------+------+----------+-------------+
| id | select_type | table      | partitions | type  | possible_keys | key  | key_len | ref  | rows | filtered | Extra       |
+----+-------------+------------+------------+-------+---------------+------+---------+------+------+----------+-------------+
|  1 | SIMPLE      | TEST_COUNT | NULL       | index | NULL          | d1   | 5       | NULL |    3 |   100.00 | Using index |
+----+-------------+------------+------------+-------+---------------+------+---------+------+------+----------+-------------+
```
- 모든 컬럼, 모든 레코드에 `NULL`이 들어가 있어도 전체 레코드 개수를 반환
- 인덱스 사용, 실제 확인하는 `row`수도 레코드 수와 동일
```
SELECT COUNT(d1) FROM BASICTRAINING.TEST_COUNT;
+-----------+
| COUNT(d1) |
+-----------+
|         0 |
+-----------+
DESC SELECT COUNT(d1) FROM BASICTRAINING.TEST_COUNT;
+----+-------------+------------+------------+-------+---------------+------+---------+------+------+----------+-------------+
| id | select_type | table      | partitions | type  | possible_keys | key  | key_len | ref  | rows | filtered | Extra       |
+----+-------------+------------+------------+-------+---------------+------+---------+------+------+----------+-------------+
|  1 | SIMPLE      | TEST_COUNT | NULL       | index | NULL          | d1   | 5       | NULL |    3 |   100.00 | Using index |
+----+-------------+------------+------------+-------+---------------+------+---------+------+------+----------+-------------+
```
- `NULL`값뿐이므로 `COUNT`는 0을 반환
```
SELECT COUNT(d2) FROM BASICTRAINING.TEST_COUNT;
+-----------+
| COUNT(d2) |
+-----------+
|         0 |
+-----------+
DESC SELECT COUNT(d2) FROM BASICTRAINING.TEST_COUNT;
+----+-------------+------------+------------+------+---------------+------+---------+------+------+----------+-------+
| id | select_type | table      | partitions | type | possible_keys | key  | key_len | ref  | rows | filtered | Extra |
+----+-------------+------------+------------+------+---------------+------+---------+------+------+----------+-------+
|  1 | SIMPLE      | TEST_COUNT | NULL       | ALL  | NULL          | NULL | NULL    | NULL |    3 |   100.00 | NULL  |
+----+-------------+------------+------------+------+---------------+------+---------+------+------+----------+-------+
```
- 인덱스를 사용하지 못함

- 더 많은 데이터.....
```
SHOW INDEXES FROM dept_emp;
+----------+------------+----------+--------------+-------------+-----------+-------------+----------+--------+------+------------+---------+---------------+
| Table    | Non_unique | Key_name | Seq_in_index | Column_name | Collation | Cardinality | Sub_part | Packed | Null | Index_type | Comment | Index_comment |
+----------+------------+----------+--------------+-------------+-----------+-------------+----------+--------+------+------------+---------+---------------+
| dept_emp |          0 | PRIMARY  |            1 | emp_no      | A         |      299762 |     NULL | NULL   |      | BTREE      |         |               |
| dept_emp |          0 | PRIMARY  |            2 | dept_no     | A         |      323263 |     NULL | NULL   |      | BTREE      |         |               |
| dept_emp |          1 | dept_no  |            1 | dept_no     | A         |           8 |     NULL | NULL   |      | BTREE      |         |               |
+----------+------------+----------+--------------+-------------+-----------+-------------+----------+--------+------+------------+---------+---------------+

SELECT COUNT(*) FROM dept_emp;
+----------+
| COUNT(*) |
+----------+
|   331603 |
+----------+
1 row in set (0.07 sec)
```
- `COUNT(*)`의 경우 0.07 초
```
EXPLAIN SELECT COUNT(*) FROM dept_emp;
+----+-------------+----------+------------+-------+---------------+---------+---------+------+--------+----------+-------------+
| id | select_type | table    | partitions | type  | possible_keys | key     | key_len | ref  | rows   | filtered | Extra       |
+----+-------------+----------+------------+-------+---------------+---------+---------+------+--------+----------+-------------+
|  1 | SIMPLE      | dept_emp | NULL       | index | NULL          | dept_no | 4       | NULL | 323263 |   100.00 | Using index |
+----+-------------+----------+------------+-------+---------------+---------+---------+------+--------+----------+-------------+

SELECT COUNT(dept_no) FROM dept_emp;
+----------------+
| COUNT(dept_no) |
+----------------+
|         331603 |
+----------------+
1 row in set (0.08 sec)
```
- `COUNT(col)`의 경우 0.08 초
```
EXPLAIN SELECT COUNT(dept_no) FROM dept_emp;
+----+-------------+----------+------------+-------+---------------+---------+---------+------+--------+----------+-------------+
| id | select_type | table    | partitions | type  | possible_keys | key     | key_len | ref  | rows   | filtered | Extra       |
+----+-------------+----------+------------+-------+---------------+---------+---------+------+--------+----------+-------------+
|  1 | SIMPLE      | dept_emp | NULL       | index | NULL          | dept_no | 4       | NULL | 323263 |   100.00 | Using index |
+----+-------------+----------+------------+-------+---------------+---------+---------+------+--------+----------+-------------+

SELECT COUNT(1) FROM dept_emp;
+----------+
| COUNT(1) |
+----------+
|   331603 |
+----------+
1 row in set (0.07 sec)

EXPLAIN SELECT COUNT(1) FROM dept_emp;
+----+-------------+----------+------------+-------+---------------+---------+---------+------+--------+----------+-------------+
| id | select_type | table    | partitions | type  | possible_keys | key     | key_len | ref  | rows   | filtered | Extra       |
+----+-------------+----------+------------+-------+---------------+---------+---------+------+--------+----------+-------------+
|  1 | SIMPLE      | dept_emp | NULL       | index | NULL          | dept_no | 4       | NULL | 323263 |   100.00 | Using index |
+----+-------------+----------+------------+-------+---------------+---------+---------+------+--------+----------+-------------+
```
- `COUNT(1)`의 경우 0.07 초
- `COUNT(*) ≅ COUNT(col) ≅ COUNT(1)`
```
CREATE TABLE `dept_emp_myisam` (
  `emp_no` int(11) NOT NULL,
  `dept_no` char(4) NOT NULL,
  `from_date` date NOT NULL,
  `to_date` date NOT NULL,
  PRIMARY KEY (`emp_no`,`dept_no`),
  KEY `dept_no` (`dept_no`)
) ENGINE=MyISAM;

INSERT INTO BASICTRAINING.dept_emp_myisam
SELECT * FROM employees.dept_emp;

SELECT COUNT(*) FROM BASICTRAINING.dept_emp_myisam;
...
SELECT COUNT(dept_no) FROM BASICTRAINING.dept_emp_myisam;
...
SELECT COUNT(1) FROM BASICTRAINING.dept_emp_myisam;
+----------+
| COUNT(*) |
+----------+
|   331603 |
+----------+
1 row in set (0.00 sec)

DESC SELECT COUNT(*) FROM BASICTRAINING.dept_emp_myisam;
...
DESC SELECT COUNT(dept_no) FROM BASICTRAINING.dept_emp_myisam;
...
DESC SELECT COUNT(1) FROM BASICTRAINING.dept_emp_myisam;
+----+-------------+-------+------------+------+---------------+------+---------+------+------+----------+------------------------------+
| id | select_type | table | partitions | type | possible_keys | key  | key_len | ref  | rows | filtered | Extra                        |
+----+-------------+-------+------------+------+---------------+------+---------+------+------+----------+------------------------------+
|  1 | SIMPLE      | NULL  | NULL       | NULL | NULL          | NULL | NULL    | NULL | NULL |     NULL | Select tables optimized away |
+----+-------------+-------+------------+------+---------------+------+---------+------+------+----------+------------------------------+

```
- `Select tables optimized away` :  
  MyISAM 테이블에서 인덱스를 사용하는 집계함수(`MIN()`,`MAX()`)와 `COUNT(*)`함수만 사용되었고  
  `GROUP BY`절이 없어서 옵티마이저가 하나의 행만을 리턴하는 경우  
  무슨 말이지? : 위의 상황의 경우 다른 것의 영향을 받지 않고 이미 정해진 답을 바로 낼 수 있다는 것  
  https://dev.mysql.com/doc/refman/5.6/en/explain-output.html#explain_extra

- [참고] MyISAM `COUNT(*)`, `COUNT(col)`, `COUNT(DISTINCT(col))` 비교 (전체 레코드 기준 - NO `WHERE`)  
  https://www.phpschool.com/gnuboard4/bbs/board.php?bo_table=tipntech&wr_id=77484  

- `MyISAM`엔진을 사용하는 테이블은 항상 테이블의 메타 정보에 전체 레코드 건수를 관리함  
  따라서, 전체 레코드 건수를 세지 않고 바로 결과를 얻을 수 있음 (`WHERE`절이 있는 경우는 제외)
- 그 외의 엔진에서는 `WHERE`조건이 없더라도 `COUNT(*)`쿼리는 직접 레코드를 읽어야 함
- **주의** : `ORDER BY`구문이나 `JOIN`(레코드 건수 변화 없는 경우)구문처럼 전혀 무관한 작업을 함께 하지 말것
- 고속화 대책법
  - `MyISAM`엔진처럼 별도 테이블에서 행 수를 저장하고 있는 방법  
    (`INSERT`오버헤드, 운용 코스트.. 귀찮..) http://developer.cybozu.co.jp/archives/kazuho/2009/06/mysql-innodb-se.html
  - 테이블이 큐로 사용되고 있어서 `PK`가 정수형이고 결번이 없는 경우에는 `MIN`,`MAX`이용  
    https://blog.kamipo.net/entry/20100128/1264684675
  - 다른 고속화 방법 제시 - http://blog.naver.com/PostView.nhn?blogId=parkjy76&logNo=30098127917  

- 아까 위의 예제에서는... 전부  MyISAM `COUNT(*)`, `COUNT(col)`, `COUNT(DISTINCT(col))` 전부 `Select tables optimized away`?
- 혹시 컬럼에 `NULL`이 없다고 판단되서 그런건 아닐까?
```
ALTER TABLE dept_emp_myisam MODIFY to_date date NULL;

SELECT COUNT(to_date) FROM BASICTRAINING.dept_emp_myisam;
+----------------+
| COUNT(to_date) |
+----------------+
|         331603 |
+----------------+
1 row in set (0.05 sec)

DESC SELECT COUNT(to_date) FROM BASICTRAINING.dept_emp_myisam;
+----+-------------+-----------------+------------+------+---------------+------+---------+------+--------+----------+-------+
| id | select_type | table           | partitions | type | possible_keys | key  | key_len | ref  | rows   | filtered | Extra |
+----+-------------+-----------------+------------+------+---------------+------+---------+------+--------+----------+-------+
|  1 | SIMPLE      | dept_emp_myisam | NULL       | ALL  | NULL          | NULL | NULL    | NULL | 331603 |   100.00 | NULL  |
+----+-------------+-----------------+------------+------+---------------+------+---------+------+--------+----------+-------+
```
- `Select tables optimized away` 없어짐 / 진짜로 풀 테이블 스캔...

- 조건을 걸어서 체크할 때는 인덱스도 중요한 역할
```
CREATE TABLE TEST_COUNT_COVER (
  d1 INT NULL,
  d2 INT NULL,
  INDEX(d1, d2)
) ENGINE=MyISAM;

INSERT INTO TEST_COUNT_COVER VALUES (1, 10),(2, 20),(3, 30), (4, 40), (1, 11), (1, 3);

DESC SELECT COUNT(d2) FROM TEST_COUNT_COVER WHERE d1 <= 2;
+----+-------------+------------------+------------+-------+---------------+------+---------+------+------+----------+--------------------------+
| id | select_type | table            | partitions | type  | possible_keys | key  | key_len | ref  | rows | filtered | Extra                    |
+----+-------------+------------------+------------+-------+---------------+------+---------+------+------+----------+--------------------------+
|  1 | SIMPLE      | TEST_COUNT_COVER | NULL       | range | d1            | d1   | 5       | NULL |    3 |   100.00 | Using where; Using index |
+----+-------------+------------------+------------+-------+---------------+------+---------+------+------+----------+--------------------------+
```

## `NULL`값의 처리
- 집계함수는 집합 안에 `NULL`값을 제외하고 처리
- 예제는 각 집계함수 설명때 같이...

## `DISTINCT` 중복제거
- 집합안에 중복된 값을 처리해야 하는 경우
- `SELECT DISTINCT col FROM ...`
- `DISTINCT`의 반대 `ALL`
```
SELECT * FROM BASICTRAINING.TEST_COUNT;
+------+------+
| d1   | d2   |
+------+------+
| NULL | NULL |
| NULL | NULL |
| NULL | NULL |
|    1 |    1 |
|    1 |    2 |
|    2 |    3 |
+------+------+

SELECT COUNT(DISTINCT d1) FROM BASICTRAINING.TEST_COUNT;
+--------------------+
| COUNT(DISTINCT d1) |
+--------------------+
|                  2 |
+--------------------+

SELECT COUNT(ALL d1) FROM BASICTRAINING.TEST_COUNT;
+---------------+
| COUNT(ALL d1) |
+---------------+
|             3 |
+---------------+
```
***
# 21강 COUNT이외의 집계함수

## `SUM()`
- 집합의 합계 구하기
```
SELECT SUM(d1) FROM BASICTRAINING.TEST_COUNT;
+---------+
| SUM(d1) |
+---------+
|       4 |
+---------+

DESC SELECT SUM(d1) FROM BASICTRAINING.TEST_COUNT;
+----+-------------+------------+------------+-------+---------------+------+---------+------+------+----------+-------------+
| id | select_type | table      | partitions | type  | possible_keys | key  | key_len | ref  | rows | filtered | Extra       |
+----+-------------+------------+------------+-------+---------------+------+---------+------+------+----------+-------------+
|  1 | SIMPLE      | TEST_COUNT | NULL       | index | NULL          | d1   | 5       | NULL |    6 |   100.00 | Using index |
+----+-------------+------------+------------+-------+---------------+------+---------+------+------+----------+-------------+
```

## `AVG()`
- 집합의 평균 구하기
```
SELECT AVG(d1) FROM BASICTRAINING.TEST_COUNT;
+---------+
| AVG(d1) |
+---------+
|  1.3333 |
+---------+
```
- `NULL`값은 제외하고 처리되었음

## `MIN()`, `MAX()`
- 집합의 최소값, 최대값 구하기
```
SELECT MIN(d1) FROM BASICTRAINING.TEST_COUNT;
+---------+
| MIN(d1) |
+---------+
|       1 |
+---------+

SELECT MAX(d1) FROM BASICTRAINING.TEST_COUNT;
+---------+
| MAX(d1) |
+---------+
|       2 |
+---------+
```
- 문자열은 사전식 순서로 비교
- `NULL`값 제외
```
SELECT MIN(IFNULL(d1,0)) FROM BASICTRAINING.TEST_COUNT;
+-------------------+
| MIN(IFNULL(d1,0)) |
+-------------------+
|                 0 |
+-------------------+
```
***
# 22강 그룹화 GROUP BY
## `GROUP BY`로 그룹화
- 테이블의 내용을 그룹화 하여 집계함수를 사용할 수 있음
```
SELECT gender, COUNT(*) FROM employees GROUP BY gender;
+--------+----------+
| gender | COUNT(*) |
+--------+----------+
| M      |   179973 |
| F      |   120051 |
+--------+----------+
```
- `GROUP BY`에 명시된 컬럼(그룹 키)이 아닌 경우 집계함수로 감싸서 사용해야함
```
SELECT gender, first_name FROM employees GROUP BY gender;
ERROR 1055 (42000): Expression #2 of SELECT list is not in GROUP BY clause and contains nonaggregated column 'employees.employees.first_name' which is not functionally dependent on columns in GROUP BY clause;
this is incompatible with sql_mode=only_full_group_by

SELECT gender, MIN(first_name) FROM employees GROUP BY gender;
+--------+-----------------+
| gender | MIN(first_name) |
+--------+-----------------+
| M      | Aamer           |
| F      | Aamer           |
+--------+-----------------+
```
- `GROUP BY ... ORDER BY NULL` - (study190404.md `GROUP BY`와 `ORDER BY` 참조)
  
- `GROUP BY col1 ASC, col2 DESC`
  - `GROUP BY`절이 정렬을 해주기 때문에 위와 같은 문법도 사용 가능
  - `col`대신 집계함수도 가능!
  - 인덱스 혼용 여부는 `ORDER BY`를 사용했을 때와 같음 - (study190404.md `ASC`, `DESC` 혼용 참조)

- `GROUP BY ... WITH ROLLUP`
  - 그룹별 소계를 보여주는 구문
  ```
  SELECT first_name, gender, COUNT(*) FROM employees GROUP BY first_name, gender LIMIT 10;
  +------------+--------+----------+
  | first_name | gender | COUNT(*) |
  +------------+--------+----------+
  | Aamer      | M      |      130 |
  | Aamer      | F      |       98 |
  | Aamod      | M      |      132 |
  | Aamod      | F      |       84 |
  | Abdelaziz  | M      |      137 |
  | Abdelaziz  | F      |       90 |
  | Abdelghani | M      |      135 |
  | Abdelghani | F      |      112 |
  | Abdelkader | M      |      130 |
  | Abdelkader | F      |       92 |
  +------------+--------+----------+

  SELECT first_name, gender, COUNT(*) FROM employees GROUP BY first_name, gender WITH ROLLUP LIMIT 10;
  +------------+--------+----------+
  | first_name | gender | COUNT(*) |
  +------------+--------+----------+
  | Aamer      | M      |      130 |
  | Aamer      | F      |       98 |
  | Aamer      | NULL   |      228 | <-
  | Aamod      | M      |      132 |
  | Aamod      | F      |       84 |
  | Aamod      | NULL   |      216 | <-
  | Abdelaziz  | M      |      137 |
  | Abdelaziz  | F      |       90 |
  | Abdelaziz  | NULL   |      227 | <-
  | Abdelghani | M      |      135 |
  +------------+--------+----------+
  ```

  ## `HAVING` 구로 `GROUP BY`조건 지정
  - 집계함수는 `WHERE`구의 조건식에는 사용할 수 없음 - 쿼리 진행 절차 순서상 `WHERE`가 제일 먼저이기 때문  
    (study190401.md - 추가 : 복잡한 SELECT 문 실행 순서 참조)
  - 집계한 결과에서 조건을 걸기 위해 사용함
  ```
  SELECT first_name, gender, COUNT(*) cnt FROM employees
  GROUP BY first_name, gender
  HAVING cnt > 100
  LIMIT 10;
  +------------+--------+-----+
  | first_name | gender | cnt |
  +------------+--------+-----+
  | Aamer      | M      | 130 |
  | Aamod      | M      | 132 |
  | Abdelaziz  | M      | 137 |
  | Abdelghani | M      | 135 |
  | Abdelghani | F      | 112 |
  | Abdelkader | M      | 130 |
  | Abdelwaheb | M      | 144 |
  | Abdulah    | M      | 129 |
  | Abdulla    | M      | 132 |
  | Achilleas  | M      | 138 |
  +------------+--------+-----+
  ```
  - `AS`도 사용가능!
  ```
  EXPLAIN 
  SELECT first_name, gender, COUNT(*) cnt FROM employees GROUP BY first_name, gender HAVING cnt > 100;
  +----+-------------+-----------+------------+------+---------------+------+---------+------+--------+----------+---------------------------------+
  | id | select_type | table     | partitions | type | possible_keys | key  | key_len | ref  | rows   | filtered | Extra                           |
  +----+-------------+-----------+------------+------+---------------+------+---------+------+--------+----------+---------------------------------+
  |  1 | SIMPLE      | employees | NULL       | ALL  | NULL          | NULL | NULL    | NULL | 299157 |   100.00 | Using temporary; Using filesort |
  +----+-------------+-----------+------------+------+---------------+------+---------+------+--------+----------+---------------------------------+
  ```
  - 임시테이블에.. filesort에.. 오래걸린다...  
    (임시테이블에 대해서는 study190405.md 에서 설명할 예정)

- [팁] 레코드를 컬럼으로 변환
```
SELECT dept_no, COUNT(*) AS cnt FROM dept_emp GROUP BY dept_no;
+---------+-------+
| dept_no | cnt   |
+---------+-------+
| d001    | 20211 |
| d002    | 17346 |
| d003    | 17786 |
| d004    | 73485 |
| d005    | 85707 |
| d006    | 20117 |
| d007    | 52245 |
| d008    | 21126 |
| d009    | 23580 |
+---------+-------+

SELECT
   SUM(CASE WHEN dept_no='d001' THEN cnt ELSE 0 END) AS cnt_d001,
   SUM(CASE WHEN dept_no='d002' THEN cnt ELSE 0 END) AS cnt_d002,
   SUM(CASE WHEN dept_no='d003' THEN cnt ELSE 0 END) AS cnt_d003,
   SUM(CASE WHEN dept_no='d004' THEN cnt ELSE 0 END) AS cnt_d004,
   SUM(CASE WHEN dept_no='d005' THEN cnt ELSE 0 END) AS cnt_d005,
   SUM(CASE WHEN dept_no='d006' THEN cnt ELSE 0 END) AS cnt_d006,
   SUM(CASE WHEN dept_no='d007' THEN cnt ELSE 0 END) AS cnt_d007,
   SUM(CASE WHEN dept_no='d008' THEN cnt ELSE 0 END) AS cnt_d008,
   SUM(CASE WHEN dept_no='d009' THEN cnt ELSE 0 END) AS cnt_d009,
   SUM(cnt) AS cnt_total
FROM (
   SELECT dept_no, COUNT(*) AS cnt FROM dept_emp GROUP BY dept_no
) derived;
+----------+----------+----------+----------+----------+----------+----------+----------+----------+-----------+
| cnt_d001 | cnt_d002 | cnt_d003 | cnt_d004 | cnt_d005 | cnt_d006 | cnt_d007 | cnt_d008 | cnt_d009 | cnt_total |
+----------+----------+----------+----------+----------+----------+----------+----------+----------+-----------+
|    20211 |    17346 |    17786 |    73485 |    85707 |    20117 |    52245 |    21126 |    23580 |    331603 |
+----------+----------+----------+----------+----------+----------+----------+----------+----------+-----------+
```
- [팁] 하나의 컬럼을 여러 컬럼으로 분리
```
SELECT de.dept_no,
       SUM(CASE WHEN e.hire_date BETWEEN '1980-01-01' AND '1989-12-31' THEN 1 ELSE 0 END) AS cnt_1980,
       SUM(CASE WHEN e.hire_date BETWEEN '1990-01-01' AND '1999-12-31' THEN 1 ELSE 0 END) AS cnt_1990,
       SUM(CASE WHEN e.hire_date BETWEEN '2000-01-01' AND '2009-12-31' THEN 1 ELSE 0 END) AS cnt_2000,
       COUNT(*) AS cnt_total
FROM dept_emp de, employees e
WHERE de.emp_no = e.emp_no
GROUP BY de.dept_no;
+---------+----------+----------+----------+-----------+
| dept_no | cnt_1980 | cnt_1990 | cnt_2000 | cnt_total |
+---------+----------+----------+----------+-----------+
| d001    |    11038 |     9171 |        2 |     20211 |
| d002    |     9580 |     7765 |        1 |     17346 |
| d003    |     9714 |     8068 |        4 |     17786 |
| d004    |    40418 |    33065 |        2 |     73485 |
| d005    |    47007 |    38697 |        3 |     85707 |
| d006    |    11057 |     9059 |        1 |     20117 |
| d007    |    28673 |    23571 |        1 |     52245 |
| d008    |    11602 |     9524 |        0 |     21126 |
| d009    |    12979 |    10600 |        1 |     23580 |
+---------+----------+----------+----------+-----------+
```

## `WHERE`, `ORDER BY`, `GROUP BY` 그리고 인덱스
- `WHERE`, `ORDER BY`, `GROUP BY`절에서 인덱스를 사용하려면 기본적으로 인덱스된 컬럼의 값 자체를 변환하지 않고 사용해야함
- 인덱스는 컬럼의 값을 변환 없이 B-Tree에 정렬해서 저장하기 때문

- `WHERE`절의 인덱스 사용
  - 인덱스 사용 방법
    1. 범위 제한 조건 - 동등 비교 조건, `IN`으로 구성된 조건이 인덱스를 구성하는 컬럼과 좌측부터 얼마나 맞는지 중요
    2. 체크 조건
    - ex1)
    ```
    INDEX order : col1, col2, col3, col4  
    ... WHERE col1 = ?, col2 = ?, col3 > ?, col4 = ?  
    ```
    - 위의 예시에서 `col3`의 '크다'이므로 `col4`의 조건은 범위 제한 조건으로 사용되지 못하고 체크 조건으로 사용됨
  
    - ex2)
    ```
    SELECT * FROM employees
    WHERE first_name = 'Kebin' OR last_name = 'Poly';
    ```
    - `first_name`에는 인덱스가 걸려있으나 `last_name`에는 인덱스가 걸려있지 않을 때  
      `AND`조건이라면 `first_name`의 인덱스를 사용할 테지만, `OR`조건이므로 풀 테이블 스캔을 할 수 밖에 없음  
      (인덱스 풀 스캔 + 풀 테이블 스캔 보다 비용이 싸기 때문)
  - `AND`로 연결되면 읽어와야 할 레코드를 줄이는 역할을 하지만 `OR`인 경우 읽을 레코드가 늘어나기 때문에 주의

- `WHERE`조건과 `ORDER BY`(혹은 `GROUP BY`)절의 인덱스 사용
  - 다음의 상황에서만 인덱스를 이용할 수 있음
  1. `WHERE`절과 `ORDER BY`절이 동시에 같은 인덱스 이용 (권장)
      - `WHERE`절의 비교 조건에서 사용하는 컬럼과 `ORDER BY`절의 정렬 대상 컬럼이  
        모두 하나의 인데스에 연속에서 포함돼 있을 때 가능  
        ex) `INDEX (col1, col2, col3)`  
            `WHERE col1 = ? ORDER BY col2, col3`

  2. `WHERE`절만 인덱스 이용 (`WHERE`조건에 걸리는 레코드가 별로 없을 때 사용)
      - `ORDER BY`절은 인덱스를 이용한 정렬이 불가능,  
        인덱스를 통해 검색된 결과 레코드를 별도의 정렬(`filesort`)과정을 거쳐 정렬 수행

  3. `ORDER BY`절만 인덱스 이용 (많은 레코드를 조회해서 정렬할 때 사용)
      - `ORDER BY`절의 순서대로 인덱스를 읽으며  
        레코드 한 건씩을 `WHERE`절로 필터링하는 방식으로 처리
  - `WHERE`절에서 동등비교(`=`) 조건으로 비교된 컬럼과  
    `ORDER BY`절에 명시된 컬럼이 순서대로 빠짐없이 인덱스 컬럼의 왼쪽부터 일치해야 함
  ```
  ... WHERE col1 = 10 ORDER BY col2, col3;
  ... WHERE col1 = 10 ORDER BY col1, col2, col3;
  ```
  - `WHERE`절에서 필터링 되는 `col1`은 하나이므로 `ORDER BY`에서 `col1` 여부에 상관없이 인덱스 사용 가능

  - `WHERE`절에서 범위 조건의 비교가 일어날 때는 `ORDER BY`절에 해당 컬럼이 가장 앞으로 포함되어 있어야 함  
  ```
  1. ... WHERE col1 > 10 ORDER BY col1, col2, col3;
  2. ... WHERE col1 > 10 ORDER BY col2, col3;
  ```
  - 위 쿼리에서 `WHERE col1 > 10`을 만족하는 `col1`은 여러개
  - 때문에, 2번 쿼리에서 `ORDER BY col2, col3`는 `col1` 여러개를 인덱스로 처리할 수 없기 때문에 인덱스를 사용할 수 없음

- 인덱스 사용 여부 정리
  1. `WHERE`절이 있는가?
  2. `GROUP BY`절이 인덱스를 사용할 수 있는가?
  3. `GROUP BY`절과 `ORDER BY`절이 동시에 인덱스를 사용할 수 있는가?

![index](img/190404/index.jpg)
***
# 23, 24강 서브쿼리
쿼리를 작성할 때 서브쿼리를 사용하면 단위 처리별로 쿼리를 독립시킬 수 있음

## [서브쿼리가 반환하는 값에 따른 분류]
## 1. 로우 서브 쿼리
- 컬럼 개수 상관없이 하나의 레코드만 반환하는 서브 쿼리

## 2. 스칼라 서브 쿼리
- 서브쿼리를 사용할 때 하나의 값을 반환하는 서브 쿼리
```
SELECT MIN(dept_no) FROM dept_emp;
+--------------+
| MIN(dept_no) |
+--------------+
| d001         |
+--------------+
```
- `WHERE`구에서는 집계함수를 사용하지 못헀던 단점을 스칼라값이 쉽게 해결해줌
```
SELECT * FROM BASICTRAINING.TEST_COUNT;
+------+------+
| d1   | d2   |
+------+------+
| NULL | NULL |
| NULL | NULL |
| NULL | NULL |
|    1 |    1 |
|    1 |    2 |
|    2 |    3 |
+------+------+

SELECT * FROM BASICTRAINING.TEST_COUNT
WHERE d1 = (
  SELECT MIN(d1) FROM BASICTRAINING.TEST_COUNT
);
+------+------+
| d1   | d2   |
+------+------+
|    1 |    1 |
|    1 |    2 |
+------+------+

DELETE FROM BASICTRAINING.TEST_COUNT
WHERE d1 = (
  SELECT MIN(d1) FROM BASICTRAINING.TEST_COUNT
);
ERROR 1093 (HY000): You can't specify target table 'TEST_COUNT' for update in FROM clause

UPDATE BASICTRAINING.TEST_COUNT
SET d1 = 9
WHERE d1 = (
  SELECT MIN(d1) FROM BASICTRAINING.TEST_COUNT
);
ERROR 1093 (HY000): You can't specify target table 'TEST_COUNT' for update in FROM clause
```
- `DELETE`, `UPDATE`문에서 서브쿼리로 자신의 테이블을 사용할 수는 없음
- 서브쿼리를 한 번 감싸 `Inline VIEW`로 만들어 해결 가능 (`FROM`절 뒤에 오는 서브쿼리로 `VIEW`처럼 작용)
```
UPDATE BASICTRAINING.TEST_COUNT
SET d1 = 9
WHERE d1 = (
  SELECT min FROM (SELECT MIN(d1) min FROM BASICTRAINING.TEST_COUNT) AS v
);
Query OK, 2 rows affected (0.00 sec)
Rows matched: 2  Changed: 2  Warnings: 0

SELECT * FROM BASICTRAINING.TEST_COUNT;
+------+------+
| d1   | d2   |
+------+------+
| NULL | NULL |
| NULL | NULL |
| NULL | NULL |
|    9 |    1 |
|    9 |    2 |
|    2 |    3 |
+------+------+

EXPLAIN
UPDATE BASICTRAINING.TEST_COUNT
SET d1 = 9
WHERE d1 = (
  SELECT min FROM (SELECT MIN(d1) min FROM BASICTRAINING.TEST_COUNT) AS v
);
+----+-------------+------------+------------+--------+---------------+------+---------+-------+------+----------+------------------------------+
| id | select_type | table      | partitions | type   | possible_keys | key  | key_len | ref   | rows | filtered | Extra                        |
+----+-------------+------------+------------+--------+---------------+------+---------+-------+------+----------+------------------------------+
|  1 | UPDATE      | TEST_COUNT | NULL       | range  | d1            | d1   | 5       | const |    1 |   100.00 | Using where; Using temporary |
|  2 | SUBQUERY    | <derived3> | NULL       | system | NULL          | NULL | NULL    | NULL  |    1 |   100.00 | NULL                         |
|  3 | DERIVED     | NULL       | NULL       | NULL   | NULL          | NULL | NULL    | NULL  | NULL |     NULL | Select tables optimized away |
+----+-------------+------------+------------+--------+---------------+------+---------+-------+------+----------+------------------------------+
```
- 단위 쿼리 3개
- `id: 2` - 서브쿼리는 임시 테이블 `<derived3>`을 이용 (`id: 3`의 단위쿼리로부터 생성)
- `id: 3` - `DERIVED`는 `FROM`절 뒤에온 `Inline VIEW`임을 의미  
  이 경우 쿼리의 실행 결과를 메모리나 디스크에 임시로 생성하게 됨 (파생테이블)  
  **주의** : 파생 테이블의 경우 인덱스가 전혀 없으므로 유의  

## [사용되는 위치에 따른 분류]
## 1. 중첩된 쿼리 (Nested query)
- `SELECT`되는 컬럼에 사용된 서브쿼리

## 2. 서브 쿼리 (Sub qurey)
- `WHERE`절에 사용된 경우 일반적으로 그냥 서브쿼리라 칭함

## 3. 파생 테이블, 임시 테이블, 인라인 뷰 (Derived)
- `FROM`절에 사용된 서브 쿼리
- 파생 테이블에는 인덱스가 전혀 없으므로 다른 테이블과 조인할 때 성능상 불리할 때가 많음

## [외부 쿼리와의 관계]
## 1. 독립 서브쿼리 (Self-Contained subquery)
- 외부 쿼리의 컬럼을 사용하지 않고 서브쿼리에서 정의된 컬럼만 참조하는 서브쿼리
- 독립서브쿼리는 외부 쿼리와 상관없이 하상 같은 결과를 반환하므로 외부 쿼리보다 먼저 실행되어 상수로 사용되는 것이 일반적
```
SELECT de.dept_no, de.emp_no
FROM dept_emp de
WHERE de.emp_no = (
  SELECT e.emp_no
  FROM employees e
  WHERE e.first_name = 'Georgi' AND e.last_name = 'Facello' LIMIT 1
);
```

## 2. 상관 서브쿼리 (Correlated subquery)
- 외부에서 정의된 테이블의 컬럼을 참조해서 검색을 수행할 때 이용하는 서브쿼리
- 독립적으로 실행되지 못하고 항상 외부 쿼리가 실행된 후 그 결과값이 전달돼야만 서브쿼리가 실행될 수 있음
```
SELECT * FROM employees e
WHERE EXISTS(
  SELECT 1
  FROM dept_emp de
  WHERE de.emp_no = e.emp_no
    AND de.from_date BETWEEN '2000-01-01' AND '2011-12-30'
) LIMIT 10;
```

## [예제]
## `WHERE`절에 사용된 서브쿼리
```
EXPAIN
SELECT * FROM dept_emp de
WHERE de.emp_no = (
  SELECT e.emp_no
  FROM employees e
  WHERE e.first_name = 'Georgi' AND e.last_name = 'Facello' LIMIT 1
);
+----+-------------+-------+------------+------+---------------+---------+---------+-------+--------+----------+-------------+
| id | select_type | table | partitions | type | possible_keys | key     | key_len | ref   | rows   | filtered | Extra       |
+----+-------------+-------+------------+------+---------------+---------+---------+-------+--------+----------+-------------+
|  1 | PRIMARY     | de    | NULL       | ref  | PRIMARY       | PRIMARY | 4       | const |      1 |   100.00 | Using where |
|  2 | SUBQUERY    | e     | NULL       | ALL  | NULL          | NULL    | NULL    | NULL  | 299157 |     1.00 | Using where |
+----+-------------+-------+------------+------+---------------+---------+---------+-------+--------+----------+-------------+
```
- 서브쿼리는 풀스캔으로 읽으며 한개의 레코드를 반환
- 외부 쿼리는 `PK`를 이용하여 비교

## `WHERE ... IN ( 서브쿼리 )`, `WHERE ... NOT IN ( 서브쿼리 )`
- (study190401.md - 연산자 `IN`, `NOT IN` 참조)
***