# DB 스터디 정리 19. 4. 5.

* 참고서
	- [SQL 첫걸음] 한빛미디어, 아사이 아츠시 지음, 박준용 옮김
	- [Real MySQL] 위키북스, 이성욱 지음
* 예제 데이터
  - https://github.com/datacharmer/test_db
***
# 31강 집합 연산
집합 연산은 임시테이블을 필요로 하는 작업이므로 레코드 건수가 많다면 디스크를 사용해 성능 저하를 유발하기도 함
## UNION
- `UNION ALL` : 중복 레코드의 별도 처리 없이 합집합 반환
- `UNION DISTINCT`(기본값) : 중복 레코드를 제거 후 합집합 반환
```
SELECT * FROM employees WHERE emp_no BETWEEN 10001 AND 200000
UNION
SELECT * FROM employees WHERE emp_no BETWEEN 200001 AND 500000;
...
300024 rows in set (1.81 sec)
```
- 중복된 컬럼은 제외하고 `UNION` 결과를 보여줄 때 : 1.81초
```
SELECT * FROM employees WHERE emp_no BETWEEN 10001 AND 200000
UNION ALL
SELECT * FROM employees WHERE emp_no BETWEEN 200001 AND 500000;
...
300024 rows in set (1.05 sec)
```
- 중복된 컬럼 판별 없이 모든 합집합 결과를 보여줄 때 : 1.05초
- `UNION DISTINCT`는 집합의 모든 컬럼을 이용해 `UK`를 생성하지만 `UNION ALL`은 임시테이블만 이용하게 되므로 훨씬 빠름
- 따라서, 중복된 레코드가 발생하는 경우가 아니라면 굳이 `UNION DISTINCT`를 사용할 필요가 없음

- 여러개의 `SELECT`를 합치고 싶은 경우
```
SELECT * FROM employees WHERE emp_no BETWEEN 10001 AND 20000
UNION
SELECT * FROM employees WHERE emp_no BETWEEN 20001 AND 30001
UNION
SELECT * FROM employees WHERE emp_no BETWEEN 30001 AND 40001;
```
- 위와 같이 여러개의 `UNION`집합 연산을 사용할 수 있음

- `SELECT`구문이 합쳐지는 순서는 합집합 자체의 결과에는 영향이 없으나 결과 순서는 달라질 수 있음
```
SELECT * FROM employees WHERE emp_no BETWEEN 20001 AND 30001
UNION
SELECT * FROM employees WHERE emp_no BETWEEN 10001 AND 20000;
...
|  19993 | 1962-05-07 | Tomofumi       | Gadepally        | F      | 1990-11-23 |
|  19994 | 1963-05-09 | Alejandra      | Huttel           | M      | 1989-11-03 |
|  19995 | 1962-12-31 | Ziyad          | Schueller        | F      | 1990-08-25 |
|  19996 | 1954-03-07 | Berni          | Chinen           | M      | 1985-08-17 |
|  19997 | 1957-12-06 | Otilia         | Zumaque          | M      | 1986-02-28 |
|  19998 | 1959-07-31 | Fuqing         | Maksimenko       | M      | 1990-05-02 |
|  19999 | 1953-10-16 | Jahangir       | Speer            | F      | 1989-09-29 |
|  20000 | 1961-09-14 | Jenwei         | Matzke           | F      | 1990-11-29 |
+--------+------------+----------------+------------------+--------+------------+
20001 rows in set (0.08 sec)

SELECT * FROM employees WHERE emp_no BETWEEN 10001 AND 20000
UNION
SELECT * FROM employees WHERE emp_no BETWEEN 20001 AND 30001;
...
|  29993 | 1955-05-29 | Claudi         | Murthy           | M      | 1991-04-26 |
|  29994 | 1960-09-28 | Sanjeeva       | Nergos           | F      | 1987-01-27 |
|  29995 | 1958-02-12 | Fei            | Narahara         | M      | 1993-05-12 |
|  29996 | 1954-12-13 | Gennady        | Pfau             | M      | 1986-08-14 |
|  29997 | 1958-02-21 | Divier         | Jullig           | M      | 1995-01-15 |
|  29998 | 1954-02-13 | Chanjung       | Riesenhuber      | M      | 1993-05-12 |
|  29999 | 1958-05-13 | Ziva           | Kuszyk           | F      | 1989-08-29 |
|  30000 | 1953-01-07 | Matt           | Avouris          | F      | 1985-10-21 |
|  30001 | 1953-03-27 | Izaskun        | Morton           | M      | 1988-05-21 |
+--------+------------+----------------+------------------+--------+------------+
20001 rows in set (0.08 sec)
```

- `ORDER BY`혼용
```
SELECT emp_no, first_name FROM employees ORDER BY first_name LIMIT 2
UNION
SELECT emp_no, first_name FROM employees ORDER BY emp_no LIMIT 2;
ERROR 1221 (HY000): Incorrect usage of UNION and ORDER BY

(SELECT emp_no, first_name FROM employees ORDER BY first_name LIMIT 2)
UNION
(SELECT emp_no, first_name FROM employees ORDER BY emp_no LIMIT 2);
+--------+------------+
| emp_no | first_name |
+--------+------------+
|  11800 | Aamer      |
|  11935 | Aamer      |
|  10001 | Georgi     |
|  10002 | Bezalel    |
+--------+------------+

(SELECT emp_no AS e, first_name FROM employees ORDER BY first_name LIMIT 2)
UNION
(SELECT emp_no AS e, first_name FROM employees ORDER BY emp_no LIMIT 2) ORDER BY e;
+-------+------------+
| e     | first_name |
+-------+------------+
| 10001 | Georgi     |
| 10002 | Bezalel    |
| 11800 | Aamer      |
| 11935 | Aamer      |
+-------+------------+
```

## `INTERSECT`
- 두 개의 집합에서 교집합 부분만을 가져오는 집합 연산
  MySQL에는 지원 X
- `INNER JOIN`으로 동일한 결과 획득 가능
```
# SELECT from_date FROM dept_emp WHERE dept_no = 'd001'
# INTERSECT
# SELECT from_date FROM dept_emp WHERE dept_no = 'd002';

SELECT d1.emp_no, d1.from_date
FROM dept_emp d1
  INNER JOIN dept_emp d2 ON d2.from_date = d1.from_date AND d2.dept_no = 'd002'
WHERE d1.dept_no = 'd001';

DESC
SELECT d1.emp_no, d1.from_date
FROM dept_emp d1
  INNER JOIN dept_emp d2 ON d2.from_date = d1.from_date AND d2.dept_no = 'd002'
WHERE d1.dept_no = 'd001';
+----+-------------+-------+------------+------+---------------+---------+---------+-------+-------+----------+-------------+
| id | select_type | table | partitions | type | possible_keys | key     | key_len | ref   | rows  | filtered | Extra       |
+----+-------------+-------+------------+------+---------------+---------+---------+-------+-------+----------+-------------+
|  1 | SIMPLE      | d2    | NULL       | ref  | dept_no       | dept_no | 4       | const | 30398 |   100.00 | NULL        |
|  1 | SIMPLE      | d1    | NULL       | ref  | dept_no       | dept_no | 4       | const | 38994 |    10.00 | Using where |
+----+-------------+-------+------------+------+---------------+---------+---------+-------+-------+----------+-------------+
```
- `INNER JOIN`으로 처리할 경우 임시테이블도 만들지 않음

## `MINUS`
- 첫 번째 결과 집합에서 두 번째 결과 집합의 내용을 빼는 것
- 첫 번째 집합에는 있지만 두 번째 집합에는 없는 내용 `Anti-JOIN`
- MySQL 지원 X
```
# SELECT from_date FROM dept_emp WHERE dept_no = 'd001'
# MINUS
# SELECT from_date FROM dept_emp WHERE dept_no = 'd002';

# DESC
SELECT d1.emp_no, d1.from_date
FROM dept_emp d1
WHERE d1.dept_no = 'd001'
AND NOT EXISTS(
  SELECT 1 FROM dept_emp d2
  WHERE d2.from_date = d1.from_date AND d2.dept_no = 'd002'
);
...
| 499416 | 2000-08-24 |
| 499453 | 1994-02-20 |
| 499632 | 2001-12-10 |
| 499970 | 1995-01-09 |
+--------+------------+
1632 rows in set (3 min 46.90 sec)

+----+--------------------+-------+------------+------+---------------+---------+---------+-------+-------+----------+-------------+
| id | select_type        | table | partitions | type | possible_keys | key     | key_len | ref   | rows  | filtered | Extra       |
+----+--------------------+-------+------------+------+---------------+---------+---------+-------+-------+----------+-------------+
|  1 | PRIMARY            | d1    | NULL       | ref  | dept_no       | dept_no | 4       | const | 38994 |   100.00 | Using where |
|  2 | DEPENDENT SUBQUERY | d2    | NULL       | ref  | dept_no       | dept_no | 4       | const | 30398 |    10.00 | Using where |
+----+--------------------+-------+------------+------+---------------+---------+---------+-------+-------+----------+-------------+

# DESC
SELECT d1.emp_no, d1.from_date
FROM dept_emp d1
  LEFT OUTER JOIN dept_emp d2 ON d1.from_date = d2.from_date AND d2.dept_no = 'd002'
WHERE d1.dept_no = 'd001'
  AND d2.dept_no IS NULL;
...
| 499026 | 1987-01-02 |
| 499416 | 2000-08-24 |
| 499453 | 1994-02-20 |
| 499632 | 2001-12-10 |
| 499970 | 1995-01-09 |
+--------+------------+
1632 rows in set (3 min 18.80 sec)

+----+-------------+-------+------------+------+---------------+---------+---------+-------+-------+----------+-------------------------+
| id | select_type | table | partitions | type | possible_keys | key     | key_len | ref   | rows  | filtered | Extra                   |
+----+-------------+-------+------------+------+---------------+---------+---------+-------+-------+----------+-------------------------+
|  1 | SIMPLE      | d1    | NULL       | ref  | dept_no       | dept_no | 4       | const | 38994 |   100.00 | NULL                    |
|  1 | SIMPLE      | d2    | NULL       | ref  | dept_no       | dept_no | 4       | const | 30398 |   100.00 | Using where; Not exists |
+----+-------------+-------+------------+------+---------------+---------+---------+-------+-------+----------+-------------------------+
```
***
# 임시 테이블 (`Using tempory`)
- MySQL엔진이 스토리지 엔진으로부터 받아온 레코드를 정렬하거나 그룹핑할 때 내부적인 임시테이블 사용
- `CREATE TABLE`로 만드는 테이블과 다름
- 일반적으로 MySQL의 임시테이블은 메모리에 생성됐다가 테이블 크기가 커지면 디스크로 옮겨짐
- 원본 테이블의 스토리지 엔진과 관계없이, 임시 테이블이 메모리를 사용할 때는 MEMORY 엔진, 디스크를 사용할 때는 MyISAM 엔진을 이용
- 임시 테이블은 다른 세션이나 다른 쿼리에서는 볼 수 없으며 사용하는 것도 불가능
- 작업 완료시 자동으로 삭제

## 임시 테이블이 필요한 쿼리
- ### 실행 계획 `Extra : Using temporary`인 경우
  1. `ORDER BY`, `GROUP BY`에 명시된 컬럼이 다른 쿼리
  2. `ORDER BY`, `GROUP BY`에 명시된 컬럼이 조인의 순서상 첫 번째 테이블이 아닌 쿼리
  3. `DISTINCT`와 `ORDER BY`가 혼용될 때 `DISTINCT`가 인덱스로 처리되지 못하는 경우
- ### 실행 계획 `Extra : Using temporary` 아닌 경우
  4. `UNION (DISTINCT)`이 사용된 쿼리 (실행 계획의 `select_type: UNION RESULT`)
  5. `UNION ALL`이 사용된 쿼리 (실행 계획의 `select_type: UNION RESULT`)
  6. 쿼리의 실행 계획의 `select_type: DERIVED`인 경우
- `1,2,3,4` : `UK`를 가지는 임시테이블 생성 (일반적으로 처리 성능이 느리다)
- `5,6` : `UK`가 없는 임시테이블 생성

## 임시 테이블이 디스크에 생성되는 경우
내부 임시 테이블은 기본적으로 메모리상에 만들어지지만 다음 조건에선 디스크상에 MyISAM으로 생성됨
1. 임시 테이블에 저장하는 내용 중 `BLOB`이나 `TEXT`같은 대용량 컬럼이 있는 경우
2. 임시 테이블에 저장하는 레코드 전체 크기나 `UNION`, `UNION ALL`에서 `SELECT`되는 컬럼 중 길이가 512바이트 이상인 컬럼이 있는 경우
3. `GROUP BY`, `DISTINCT` 컬럼이 512 바이트 이상인 경우
4. 임시 테이블의 데이터 크기가 `tmp_table_size`, `max_heap_table_size` 시스템 설정 값보다 큰 경우
- `1,2,3` : 처음부터 MyISAM 디스크 엔진을 이용해서 디스크에 저장됨
- `4` : MEMORY 엔진을 이용해 임시테이블을 생성하지만 크기가 넘어가는 순간 디스크에 변환함

## 임시테이블 상태변수
- 실행계획만으로는 임시테이블이 메모리상, 디스크상 어디서 처리됐는지 알 수 없으며 몇개가 생성되는지도 모름
- MySQL 서버의 상태변수 `Created_tmp_tables`,`Created_tmp_disk_tables` 이용
```
SHOW SESSION STATUS LIKE 'Created_tmp%';
+-------------------------+-------+
| Variable_name           | Value |
+-------------------------+-------+
| Created_tmp_disk_tables | 5     |
| Created_tmp_files       | 35    |
| Created_tmp_tables      | 40    |
+-------------------------+-------+

SELECT first_name, last_name FROM employees
GROUP BY first_name, last_name;
...

SHOW SESSION STATUS LIKE 'Created_tmp%';
+-------------------------+-------+
| Variable_name           | Value |
+-------------------------+-------+
| Created_tmp_disk_tables | 6     |
| Created_tmp_files       | 38    |
| Created_tmp_tables      | 41    |
+-------------------------+-------+
```
- `Created_tmp_tables` : 임시 테이블의 누적 개수
- `Created_tmp_disk_tables` : 디스크에 만들어진 임시 테이블의 누적 개수
- **주의** : 내부 임시 테이블이 디크스로 생성되는 경우 고려
***
# JOIN
## 교차결합 (CROSS JOIN)
```
SELECT * FROM BASICTRAINING.TAB_TEST;
+-------+--------+
| table | column |
+-------+--------+
| TAB   | COL    |
| TAB   | COL    |
+-------+--------+

SELECT * FROM BASICTRAINING.TEST_DUP;
+----+----+
| d1 | d2 |
+----+----+
|  1 |  2 |
|  2 |  2 |
+----+----+

SELECT * FROM BASICTRAINING.TAB_TEST, BASICTRAINING.TEST_DUP;
+-------+--------+----+----+
| table | column | d1 | d2 |
+-------+--------+----+----+
| TAB   | COL    |  1 |  2 |
| TAB   | COL    |  1 |  2 |
| TAB   | COL    |  2 |  2 |
| TAB   | COL    |  2 |  2 |
+-------+--------+----+----+

SELECT * FROM BASICTRAINING.TEST_DUP, BASICTRAINING.TAB_TEST;
+----+----+-------+--------+
| d1 | d2 | table | column |
+----+----+-------+--------+
|  1 |  2 | TAB   | COL    |
|  1 |  2 | TAB   | COL    |
|  2 |  2 | TAB   | COL    |
|  2 |  2 | TAB   | COL    |
+----+----+-------+--------+

DESC SELECT * FROM BASICTRAINING.TEST_DUP, BASICTRAINING.TAB_TEST;
+----+-------------+----------+------------+------+---------------+------+---------+------+------+----------+---------------------------------------+
| id | select_type | table    | partitions | type | possible_keys | key  | key_len | ref  | rows | filtered | Extra                                 |
+----+-------------+----------+------------+------+---------------+------+---------+------+------+----------+---------------------------------------+
|  1 | SIMPLE      | TAB_TEST | NULL       | ALL  | NULL          | NULL | NULL    | NULL |    1 |   100.00 | NULL                                  |
|  1 | SIMPLE      | TEST_DUP | NULL       | ALL  | NULL          | NULL | NULL    | NULL |    2 |   100.00 | Using join buffer (Block Nested Loop) |
+----+-------------+----------+------------+------+---------------+------+---------+------+------+----------+---------------------------------------+
```
- `Carteesian Product` 방식
- MySQL에서 `CROSS JOIN`은 `INNER JOIN` 조인 방식을 의미
```
SELECT d.*, e.* 
FROM dept_emp d   
  CROSS JOIN employees e 
  ON d.emp_no = e.emp_no LIMIT 5;
+--------+---------+------------+------------+--------+------------+------------+-----------+--------+------------+
| emp_no | dept_no | from_date  | to_date    | emp_no | birth_date | first_name | last_name | gender | hire_date  |
+--------+---------+------------+------------+--------+------------+------------+-----------+--------+------------+
|  10001 | d005    | 1986-06-26 | 9999-01-01 |  10001 | 1953-09-02 | Georgi     | Facello   | M      | 1986-06-26 |
|  10002 | d007    | 1996-08-03 | 9999-01-01 |  10002 | 1964-06-02 | Bezalel    | Simmel    | F      | 1985-11-21 |
|  10003 | d004    | 1995-12-03 | 9999-01-01 |  10003 | 1959-12-03 | Parto      | Bamford   | M      | 1986-08-28 |
|  10004 | d004    | 1986-12-01 | 9999-01-01 |  10004 | 1954-05-01 | Chirstian  | Koblick   | M      | 1986-12-01 |
|  10005 | d003    | 1989-09-12 | 9999-01-01 |  10005 | 1955-01-21 | Kyoichi    | Maliniak  | M      | 1989-09-12 |
+--------+---------+------------+------------+--------+------------+------------+-----------+--------+------------+
```

## `INNER JOIN` (`JOIN`)
- MySQL의 조인은 Nested-loop 방식만 지원
(ex. 테이블 2개 조인시 2중 for문 돌려서 체크)
```
Pseudo Code
for ( record1 : Table1 ) {      // OUTER TABLE
  for ( record2 : Table2) {     // INNER TABLE
    if (record1[join_column1] == record2[join_colum2]) {
      add_record(record1, record2) // join 조건 만족
    } else {
      pass // join 조건 불만족
    }
  }
}
```
- `OUTER TABLE`은 조인에서 주도적인 역할 : `드라이빙(Driving) 테이블`
- `INNER TABLE`은 조인에서 끌려가는 역할 : `드리븐(Driven) 테이블`
```
SELECT e.emp_no, e.first_name, e.last_name, t.title
FROM employees e INNER JOIN titles t ON e.emp_no = t.emp_no
LIMIT 10;
+--------+------------+-----------+-----------------+
| emp_no | first_name | last_name | title           |
+--------+------------+-----------+-----------------+
|  10001 | Georgi     | Facello   | Senior Engineer |
|  10002 | Bezalel    | Simmel    | Staff           |
|  10003 | Parto      | Bamford   | Senior Engineer |
|  10004 | Chirstian  | Koblick   | Engineer        |
|  10004 | Chirstian  | Koblick   | Senior Engineer |
|  10005 | Kyoichi    | Maliniak  | Senior Staff    |
|  10005 | Kyoichi    | Maliniak  | Staff           |
|  10006 | Anneke     | Preusig   | Senior Engineer |
|  10007 | Tzvetan    | Zielinski | Senior Staff    |
|  10007 | Tzvetan    | Zielinski | Staff           |
+--------+------------+-----------+-----------------+
```
- 조인 조건으로 `=`을 쉽게 표현하는 방법
```
SELECT e.emp_no, e.first_name, e.last_name, t.title
FROM employees e INNER JOIN titles t USING(emp_no)
LIMIT 10;
+--------+------------+-----------+-----------------+
| emp_no | first_name | last_name | title           |
+--------+------------+-----------+-----------------+
|  10001 | Georgi     | Facello   | Senior Engineer |
|  10002 | Bezalel    | Simmel    | Staff           |
|  10003 | Parto      | Bamford   | Senior Engineer |
|  10004 | Chirstian  | Koblick   | Engineer        |
|  10004 | Chirstian  | Koblick   | Senior Engineer |
|  10005 | Kyoichi    | Maliniak  | Senior Staff    |
|  10005 | Kyoichi    | Maliniak  | Staff           |
|  10006 | Anneke     | Preusig   | Senior Engineer |
|  10007 | Tzvetan    | Zielinski | Senior Staff    |
|  10007 | Tzvetan    | Zielinski | Staff           |
+--------+------------+-----------+-----------------+

SELECT e.emp_no, e.first_name, e.last_name, t.title
FROM employees e NATURAL JOIN titles t
LIMIT 10;
+--------+------------+-----------+-----------------+
| emp_no | first_name | last_name | title           |
+--------+------------+-----------+-----------------+
|  10001 | Georgi     | Facello   | Senior Engineer |
|  10002 | Bezalel    | Simmel    | Staff           |
|  10003 | Parto      | Bamford   | Senior Engineer |
|  10004 | Chirstian  | Koblick   | Engineer        |
|  10004 | Chirstian  | Koblick   | Senior Engineer |
|  10005 | Kyoichi    | Maliniak  | Senior Staff    |
|  10005 | Kyoichi    | Maliniak  | Staff           |
|  10006 | Anneke     | Preusig   | Senior Engineer |
|  10007 | Tzvetan    | Zielinski | Senior Staff    |
|  10007 | Tzvetan    | Zielinski | Staff           |
+--------+------------+-----------+-----------------+
```

## `OUTER JOIN`
- `OUTER JOIN`은 어느 테이블을 먼저 읽을지를 결정하는 것이 중요
```
Pseudo Code
for ( record1 : Table1 ) {      // OUTER TABLE
  for ( record2 : Table2) {     // INNER TABLE
    if (record1[join_column1] == record2[join_colum2]) {
      add_record(record1, record2)
    } else {
      add_record(record1, Null)
    }
  }
}
```
- Table2와 일치하는 레코드가 있으면 함께 추가되지만, 아닐 경우 Table2의 값을 NULL값으로 가져옴
- Table1의 값은 무조건 전부 가져옴
```
SELECT * FROM BASICTRAINING.TEST_COUNT;
+------+------+
| d1   | d2   |
+------+------+
| NULL | NULL |
| NULL | NULL |
| NULL | NULL |
|    9 |    1 |
|    9 |    2 |
|    3 |    3 |
+------+------+

SELECT * FROM BASICTRAINING.TEST_COUNT_COVER;
+------+-------+
| d1   | d2    |
+------+-------+
| NULL | 99999 |
|    1 |     3 |
|    1 |    10 |
|    1 |    11 |
|    2 |    20 |
|    3 |    30 |
|    4 |    40 |
+------+-------+

SELECT *
FROM BASICTRAINING.TEST_COUNT t 
  LEFT JOIN BASICTRAINING.TEST_COUNT_COVER c
  ON t.d1 = c.d1;
+------+------+------+------+
| d1   | d2   | d1   | d2   |
+------+------+------+------+
| NULL | NULL | NULL | NULL |
| NULL | NULL | NULL | NULL |
| NULL | NULL | NULL | NULL |
|    9 |    1 | NULL | NULL |
|    9 |    2 | NULL | NULL |
|    3 |    3 |    3 |   30 |
+------+------+------+------+

SELECT *
FROM BASICTRAINING.TEST_COUNT t 
  LEFT JOIN BASICTRAINING.TEST_COUNT_COVER c
  ON t.d1 <=> c.d1;
+------+------+------+-------+
| d1   | d2   | d1   | d2    |
+------+------+------+-------+
| NULL | NULL | NULL | 99999 |
| NULL | NULL | NULL | 99999 |
| NULL | NULL | NULL | 99999 |
|    9 |    1 | NULL |  NULL |
|    9 |    2 | NULL |  NULL |
|    3 |    3 |    3 |    30 |
+------+------+------+-------+
```
- **주의** : `OUTER JOIN` 사용시 유의
  - MySQL은 실행 계획은 `OUTER JOIN`, `INNER JOIN`인지 알 수 없음
  - `WHERE`절 조건은 조인된 결과에 적용됨을 유의
  ```
  1. 
  SELECT *
  FROM BASICTRAINING.TEST_COUNT t
    LEFT JOIN BASICTRAINING.TEST_COUNT_COVER c
    ON t.d1 = c.d1
  WHERE c.d1 > 1;
  +------+------+------+------+
  | d1   | d2   | d1   | d2   |
  +------+------+------+------+
  |    3 |    3 |    3 |   30 |
  +------+------+------+------+

  2.
  SELECT *
  FROM BASICTRAINING.TEST_COUNT t
    LEFT JOIN BASICTRAINING.TEST_COUNT_COVER c
    ON t.d1 = c.d1 AND c.d1 > 1;
  +------+------+------+------+
  | d1   | d2   | d1   | d2   |
  +------+------+------+------+
  | NULL | NULL | NULL | NULL |
  | NULL | NULL | NULL | NULL |
  | NULL | NULL | NULL | NULL |
  |    9 |    1 | NULL | NULL |
  |    9 |    2 | NULL | NULL |
  |    3 |    3 |    3 |   30 |
  +------+------+------+------+
  ```
## `Using join buffer`
- 실행 계획의 `Using join buffer`는 조인시에 확인할 수 있음
- 조인은 드라이빙 테이블에서 일치하는 레코드 건수 만큼 드리븐 테이블을 검색  
  (드라이빙 테이블 한 번을 읽으며 드리븐 테이블을 여러번 읽는 것)
- 때문에, 드리븐 테이블의 조인 조건이 인덱스를 읽을 수 없다면 매번 풀 테이블 스캔을 해야 함
- MySQL에서는 드리븐 테이블의 풀 테이블/인덱스 풀 스캔을 해야할 시 드라이빙 테이블을 메모리(`join buffer`)로 캐시한 후  
  드리븐 테이블과 `join buffer`를 조인하는 형태로 처리
```
SELECT COUNT(*) FROM dept_emp WHERE from_date > '1995-01-01';
+----------+
| COUNT(*) |
+----------+
|   124108 |
+----------+

SELECT COUNT(*) FROM employees WHERE emp_no > 109004;
+----------+
| COUNT(*) |
+----------+
|   201020 |
+----------+

DESC
SELECT *
FROM dept_emp de, employees e
WHERE de.from_date >'1995-01-01' AND e.emp_no > 109004;
+----+-------------+-------+------------+-------+---------------+---------+---------+------+--------+----------+----------------------------------------------------+
| id | select_type | table | partitions | type  | possible_keys | key     | key_len | ref  | rows   | filtered | Extra                                              |
+----+-------------+-------+------------+-------+---------------+---------+---------+------+--------+----------+----------------------------------------------------+
|  1 | SIMPLE      | e     | NULL       | range | PRIMARY       | PRIMARY | 4       | NULL | 149578 |   100.00 | Using where                                        |
|  1 | SIMPLE      | de    | NULL       | ALL   | ix_fromdate   | NULL    | NULL    | NULL | 323263 |    50.00 | Using where; Using join buffer (Block Nested Loop) |
+----+-------------+-------+------------+-------+---------------+---------+---------+------+--------+----------+----------------------------------------------------+
```
- 드라이빙 테이블 : `employees s` / 드리븐 테이블 : `dept_emp de`
< TODO: `join buffer` 처리과정 정리 >

## `JOIN`의 순서와 인덱스
```
SELECT *
FROM employees s, dept_empde
WHERE e.emp_no = de.emp_no;
```
< TODO: 인덱스 효율 case별로 정리 >
- 두 컬럼 모두 인덱스 존재
  - 통계 정보를 이용해 옵티마이저가 적절하게 드리븐 테이블 선택
- e.emp_no에만 인덱스 존재
  - employees를 드리븐 테이블로 택할 확률 높음
- de.emp_no에만 인덱스 존재
  - dept_emp를 드리븐 테이블로 택할 확률 높음
- 두 컬럼 모두 인덱스 없음
  - 어떤 걸 선택하던지 드리븐 테이블을 풀 테이블 스캔해야 함 - `Using join buffer`
- [참고] 레코드 건수가 너무 적은 경우에는 풀 테이블 스캔을 사용하기도 함

## `JOIN` 컬럼의 데이터 타입
- 인덱스를 사용하지 못하는 경우
  - 데이터 타입의 종류가 완전히 다른 경우 (ex. `CHAR`타입 - `INT`타입)
  - 같은 `CHAR`타입 이더라도 문자 집합이나 콜레이션이 다른 경우
  - 같은 `INT`타입 이더라도 부호가 있는지 여부가 다를 경우  
  (study190401 - [**! 문자열 컬럼, 숫자 컬럼을 비교할 때는 가능한 해당 자료형에 맞추어 상수를 사용하기**] 참조)
***
# 관계형 모델
