# DB 스터디 정리 19. 4. 5.

* 참고서
	- [SQL 첫걸음] 한빛미디어, 아사이 아츠시 지음, 박준용 옮김
	- [Real MySQL] 위키북스, 이성욱 지음
* 예제 데이터
  - https://github.com/datacharmer/test_db
***
# 31강 집합 연산
집합 연산은 임시테이블을 필요로 하는 작업이므로 레코드 건수가 많다면 디스크를 사용해 성능 저하를 유발하기도 함
## UNION
- `UNION ALL` : 중복 레코드의 별도 처리 없이 합집합 반환
- `UNION DISTINCT`(기본값) : 중복 레코드를 제거 후 합집합 반환
```
SELECT * FROM employees WHERE emp_no BETWEEN 10001 AND 200000
UNION
SELECT * FROM employees WHERE emp_no BETWEEN 200001 AND 500000;
...
300024 rows in set (1.81 sec)
```
- 중복된 컬럼은 제외하고 `UNION` 결과를 보여줄 때 : 1.81초
```
SELECT * FROM employees WHERE emp_no BETWEEN 10001 AND 200000
UNION ALL
SELECT * FROM employees WHERE emp_no BETWEEN 200001 AND 500000;
...
300024 rows in set (1.05 sec)
```
- 중복된 컬럼 판별 없이 모든 합집합 결과를 보여줄 때 : 1.05초
- `UNION DISTINCT`는 집합의 모든 컬럼을 이용해 `UK`를 생성하지만 `UNION ALL`은 임시테이블만 이용하게 되므로 훨씬 빠름
- 따라서, 중복된 레코드가 발생하는 경우가 아니라면 굳이 `UNION DISTINCT`를 사용할 필요가 없음

- 여러개의 `SELECT`를 합치고 싶은 경우
```
SELECT * FROM employees WHERE emp_no BETWEEN 10001 AND 20000
UNION
SELECT * FROM employees WHERE emp_no BETWEEN 20001 AND 30001
UNION
SELECT * FROM employees WHERE emp_no BETWEEN 30001 AND 40001;
```
- 위와 같이 여러개의 `UNION`집합 연산을 사용할 수 있음

- `SELECT`구문이 합쳐지는 순서는 합집합 자체의 결과에는 영향이 없으나 결과 순서는 달라질 수 있음

- `ORDER BY`혼용
```
SELECT emp_no, first_name FROM employees ORDER BY first_name LIMIT 2
UNION
SELECT emp_no, first_name FROM employees ORDER BY emp_no LIMIT 2;
ERROR 1221 (HY000): Incorrect usage of UNION and ORDER BY

(SELECT emp_no, first_name FROM employees ORDER BY first_name LIMIT 2)
UNION
(SELECT emp_no, first_name FROM employees ORDER BY emp_no LIMIT 2);
+--------+------------+
| emp_no | first_name |
+--------+------------+
|  11800 | Aamer      |
|  11935 | Aamer      |
|  10001 | Georgi     |
|  10002 | Bezalel    |
+--------+------------+
```

p354 임시테이블

